id;name;capital;capital_curreny;capital_share;capital_share_perc;source;source_link;source_date;parents
1;Bundesrepublik Deutschland;;;;;;;;
2;Bundesanstalt für Finanzmarktstabilisierung, mit Finanzmarktstabilisierungsfonds;;;;100;Beteiligungsbericht des Bundes 2015;https://www.bundesfinanzministerium.de/Content/DE/Standardartikel/Themen/Bundesvermoegen/Privatisierungs_und_Beteiligungspolitik/Beteiligungspolitik/Beteiligungsberichte/beteiligungsbericht-des-bundes-2015.pdf?__blob=publicationFile&v=6;2014-12-31;1
3;Bundesanstalt für vereinigungsbedingte Sonderaufgaben;;;;100;Beteiligungsbericht des Bundes 2016;https://www.bundesfinanzministerium.de/Content/DE/Standardartikel/Themen/Bundesvermoegen/Privatisierungs_und_Beteiligungspolitik/Beteiligungspolitik/Beteiligungsberichte/beteiligungsbericht-des-bundes-2015.pdf?__blob=publicationFile&v=7;2014-12-31;1
4;FMS Wertmanagement (Anstalt öffentlichen Rechts);200000;EUR;200000;100;Beteiligungsbericht des Bundes 2017;https://www.bundesfinanzministerium.de/Content/DE/Standardartikel/Themen/Bundesvermoegen/Privatisierungs_und_Beteiligungspolitik/Beteiligungspolitik/Beteiligungsberichte/beteiligungsbericht-des-bundes-2015.pdf?__blob=publicationFile&v=8;2014-12-31;1
5;Bundesanstalt für Immobilienaufgaben (Anstalt öffentlichen Rechts);1450000000;EUR;1450000000;100;Beteiligungsbericht des Bundes 2018;https://www.bundesfinanzministerium.de/Content/DE/Standardartikel/Themen/Bundesvermoegen/Privatisierungs_und_Beteiligungspolitik/Beteiligungspolitik/Beteiligungsberichte/beteiligungsbericht-des-bundes-2015.pdf?__blob=publicationFile&v=9;2014-12-31;1
6;Bundesdruckerei GmbH;11100000;EUR;11100000;100;Beteiligungsbericht des Bundes 2019;https://www.bundesfinanzministerium.de/Content/DE/Standardartikel/Themen/Bundesvermoegen/Privatisierungs_und_Beteiligungspolitik/Beteiligungspolitik/Beteiligungsberichte/beteiligungsbericht-des-bundes-2015.pdf?__blob=publicationFile&v=10;2014-12-31;1
7;Bundesrepublik Deutschland - Finanzagentur GmbH;26000;EUR;26000;100;Beteiligungsbericht des Bundes 2020;https://www.bundesfinanzministerium.de/Content/DE/Standardartikel/Themen/Bundesvermoegen/Privatisierungs_und_Beteiligungspolitik/Beteiligungspolitik/Beteiligungsberichte/beteiligungsbericht-des-bundes-2015.pdf?__blob=publicationFile&v=11;2014-12-31;1
8;Deutsche Telekom AG;11611062000;EUR;1655232000; 14.26;Beteiligungsbericht des Bundes 2021;https://www.bundesfinanzministerium.de/Content/DE/Standardartikel/Themen/Bundesvermoegen/Privatisierungs_und_Beteiligungspolitik/Beteiligungspolitik/Beteiligungsberichte/beteiligungsbericht-des-bundes-2015.pdf?__blob=publicationFile&v=12;2014-12-31;1
9;Energiewerke Nord GmbH;51000;EUR;51000;100;Beteiligungsbericht des Bundes 2022;https://www.bundesfinanzministerium.de/Content/DE/Standardartikel/Themen/Bundesvermoegen/Privatisierungs_und_Beteiligungspolitik/Beteiligungspolitik/Beteiligungsberichte/beteiligungsbericht-des-bundes-2015.pdf?__blob=publicationFile&v=13;2014-12-31;1
10;Kreditanstalt für Wiederaufbau;3750000000;EUR;1769500000; 47.19;Beteiligungsbericht des Bundes 2023;https://www.bundesfinanzministerium.de/Content/DE/Standardartikel/Themen/Bundesvermoegen/Privatisierungs_und_Beteiligungspolitik/Beteiligungspolitik/Beteiligungsberichte/beteiligungsbericht-des-bundes-2015.pdf?__blob=publicationFile&v=14;2014-12-31;1
11;Lausitzer und Mitteldeutsche Bergbau- Verwaltungsgesellschaft mbH;26000;EUR;26000;100;Beteiligungsbericht des Bundes 2024;https://www.bundesfinanzministerium.de/Content/DE/Standardartikel/Themen/Bundesvermoegen/Privatisierungs_und_Beteiligungspolitik/Beteiligungspolitik/Beteiligungsberichte/beteiligungsbericht-des-bundes-2015.pdf?__blob=publicationFile&v=15;2014-12-31;1
12;ÖPP Deutschland AG;1770000;EUR;961700; 54.34;Beteiligungsbericht des Bundes 2025;https://www.bundesfinanzministerium.de/Content/DE/Standardartikel/Themen/Bundesvermoegen/Privatisierungs_und_Beteiligungspolitik/Beteiligungspolitik/Beteiligungsberichte/beteiligungsbericht-des-bundes-2015.pdf?__blob=publicationFile&v=16;2014-12-31;1
13;ÖPP Deutschland Beteiligungsgesellschaft mbH;51000;EUR;15600; 30.89;Beteiligungsbericht des Bundes 2026;https://www.bundesfinanzministerium.de/Content/DE/Standardartikel/Themen/Bundesvermoegen/Privatisierungs_und_Beteiligungspolitik/Beteiligungspolitik/Beteiligungsberichte/beteiligungsbericht-des-bundes-2015.pdf?__blob=publicationFile&v=17;2014-12-31;1
14;VEBEG Gesellschaft mbH;256000;EUR;256000;100;Beteiligungsbericht des Bundes 2027;https://www.bundesfinanzministerium.de/Content/DE/Standardartikel/Themen/Bundesvermoegen/Privatisierungs_und_Beteiligungspolitik/Beteiligungspolitik/Beteiligungsberichte/beteiligungsbericht-des-bundes-2015.pdf?__blob=publicationFile&v=18;2014-12-31;1
15;Deutsche Akkreditierungsstelle GmbH;37500;EUR;12500; 33.33;Beteiligungsbericht des Bundes 2028;https://www.bundesfinanzministerium.de/Content/DE/Standardartikel/Themen/Bundesvermoegen/Privatisierungs_und_Beteiligungspolitik/Beteiligungspolitik/Beteiligungsberichte/beteiligungsbericht-des-bundes-2015.pdf?__blob=publicationFile&v=19;2014-12-31;1
16;Deutsche Energie-Agentur GmbH;26000;EUR;13000;50;Beteiligungsbericht des Bundes 2029;https://www.bundesfinanzministerium.de/Content/DE/Standardartikel/Themen/Bundesvermoegen/Privatisierungs_und_Beteiligungspolitik/Beteiligungspolitik/Beteiligungsberichte/beteiligungsbericht-des-bundes-2015.pdf?__blob=publicationFile&v=20;2014-12-31;1
17;Germany Trade and Invest - Gesellschaft für Außenwirtschaft und Standortmarketing mbH;25000;EUR;25000;100;Beteiligungsbericht des Bundes 2030;https://www.bundesfinanzministerium.de/Content/DE/Standardartikel/Themen/Bundesvermoegen/Privatisierungs_und_Beteiligungspolitik/Beteiligungspolitik/Beteiligungsberichte/beteiligungsbericht-des-bundes-2015.pdf?__blob=publicationFile&v=21;2014-12-31;1
18;WIK Wissenschaftliches Institut für Infrastruktur und Kommunikationsdienste GmbH;26000;EUR;26000;100;Beteiligungsbericht des Bundes 2031;https://www.bundesfinanzministerium.de/Content/DE/Standardartikel/Themen/Bundesvermoegen/Privatisierungs_und_Beteiligungspolitik/Beteiligungspolitik/Beteiligungsberichte/beteiligungsbericht-des-bundes-2015.pdf?__blob=publicationFile&v=22;2014-12-31;1
19;Wismut GmbH;51000;EUR;51000;100;Beteiligungsbericht des Bundes 2032;https://www.bundesfinanzministerium.de/Content/DE/Standardartikel/Themen/Bundesvermoegen/Privatisierungs_und_Beteiligungspolitik/Beteiligungspolitik/Beteiligungsberichte/beteiligungsbericht-des-bundes-2015.pdf?__blob=publicationFile&v=23;2014-12-31;1
20;BwFuhrparkService GmbH;1000000;EUR;751000; 75.10;Beteiligungsbericht des Bundes 2033;https://www.bundesfinanzministerium.de/Content/DE/Standardartikel/Themen/Bundesvermoegen/Privatisierungs_und_Beteiligungspolitik/Beteiligungspolitik/Beteiligungsberichte/beteiligungsbericht-des-bundes-2015.pdf?__blob=publicationFile&v=24;2014-12-31;1
21;BWI Informationstechnik GmbH;20000000;EUR;9980000; 49.90;Beteiligungsbericht des Bundes 2034;https://www.bundesfinanzministerium.de/Content/DE/Standardartikel/Themen/Bundesvermoegen/Privatisierungs_und_Beteiligungspolitik/Beteiligungspolitik/Beteiligungsberichte/beteiligungsbericht-des-bundes-2015.pdf?__blob=publicationFile&v=25;2014-12-31;1
22;Fernleitungs-Betriebsgesellschaft mbH;26000;EUR;13000;51;Beteiligungsbericht des Bundes 2035;https://www.bundesfinanzministerium.de/Content/DE/Standardartikel/Themen/Bundesvermoegen/Privatisierungs_und_Beteiligungspolitik/Beteiligungspolitik/Beteiligungsberichte/beteiligungsbericht-des-bundes-2015.pdf?__blob=publicationFile&v=26;2014-12-31;1
23;GEKA Gesellschaft zur Entsorgung von chemischen Kampfstoffen und Rüstungsaltlasten mbH;26000;EUR;25600;100;Beteiligungsbericht des Bundes 2036;https://www.bundesfinanzministerium.de/Content/DE/Standardartikel/Themen/Bundesvermoegen/Privatisierungs_und_Beteiligungspolitik/Beteiligungspolitik/Beteiligungsberichte/beteiligungsbericht-des-bundes-2015.pdf?__blob=publicationFile&v=27;2014-12-31;1
24;Gesellschaft für Entwicklung, Beschaffung und Betrieb mbH;50000;EUR;50000;100;Beteiligungsbericht des Bundes 2037;https://www.bundesfinanzministerium.de/Content/DE/Standardartikel/Themen/Bundesvermoegen/Privatisierungs_und_Beteiligungspolitik/Beteiligungspolitik/Beteiligungsberichte/beteiligungsbericht-des-bundes-2015.pdf?__blob=publicationFile&v=28;2014-12-31;1
25;HIL Heeresinstandsetzungslogistik GmbH;100000;EUR;100000;100;Beteiligungsbericht des Bundes 2038;https://www.bundesfinanzministerium.de/Content/DE/Standardartikel/Themen/Bundesvermoegen/Privatisierungs_und_Beteiligungspolitik/Beteiligungspolitik/Beteiligungsberichte/beteiligungsbericht-des-bundes-2015.pdf?__blob=publicationFile&v=29;2014-12-31;1
26;LH Bundeswehr Bekleidungsgesellschaft mbH;5000000;EUR;1255000; 25.10;Beteiligungsbericht des Bundes 2039;https://www.bundesfinanzministerium.de/Content/DE/Standardartikel/Themen/Bundesvermoegen/Privatisierungs_und_Beteiligungspolitik/Beteiligungspolitik/Beteiligungsberichte/beteiligungsbericht-des-bundes-2015.pdf?__blob=publicationFile&v=30;2014-12-31;1
27;DEGES Deutsche Einheit Fernstraßenplanungs und -bau GmbH;63000;EUR;18200; 29.08;Beteiligungsbericht des Bundes 2040;https://www.bundesfinanzministerium.de/Content/DE/Standardartikel/Themen/Bundesvermoegen/Privatisierungs_und_Beteiligungspolitik/Beteiligungspolitik/Beteiligungsberichte/beteiligungsbericht-des-bundes-2015.pdf?__blob=publicationFile&v=31;2014-12-31;1
28;Deutsche Bahn AG;2150000000;EUR;2150000000;100;Beteiligungsbericht des Bundes 2041;https://www.bundesfinanzministerium.de/Content/DE/Standardartikel/Themen/Bundesvermoegen/Privatisierungs_und_Beteiligungspolitik/Beteiligungspolitik/Beteiligungsberichte/beteiligungsbericht-des-bundes-2015.pdf?__blob=publicationFile&v=32;2014-12-31;1
29;DFS Deutsche Flugsicherung GmbH;153388000;EUR;153388000;100;Beteiligungsbericht des Bundes 2042;https://www.bundesfinanzministerium.de/Content/DE/Standardartikel/Themen/Bundesvermoegen/Privatisierungs_und_Beteiligungspolitik/Beteiligungspolitik/Beteiligungsberichte/beteiligungsbericht-des-bundes-2015.pdf?__blob=publicationFile&v=33;2014-12-31;1
30;Flughafen Berlin Brandenburg GmbH;11000000;EUR;2860000;26;Beteiligungsbericht des Bundes 2043;https://www.bundesfinanzministerium.de/Content/DE/Standardartikel/Themen/Bundesvermoegen/Privatisierungs_und_Beteiligungspolitik/Beteiligungspolitik/Beteiligungsberichte/beteiligungsbericht-des-bundes-2015.pdf?__blob=publicationFile&v=34;2014-12-31;1
31;Flughafen Köln/Bonn GmbH;10821000;EUR;3348000; 30.94;Beteiligungsbericht des Bundes 2044;https://www.bundesfinanzministerium.de/Content/DE/Standardartikel/Themen/Bundesvermoegen/Privatisierungs_und_Beteiligungspolitik/Beteiligungspolitik/Beteiligungsberichte/beteiligungsbericht-des-bundes-2015.pdf?__blob=publicationFile&v=35;2014-12-31;1
32;Flughafen München GmbH;306776000;EUR;79762000;26;Beteiligungsbericht des Bundes 2045;https://www.bundesfinanzministerium.de/Content/DE/Standardartikel/Themen/Bundesvermoegen/Privatisierungs_und_Beteiligungspolitik/Beteiligungspolitik/Beteiligungsberichte/beteiligungsbericht-des-bundes-2015.pdf?__blob=publicationFile&v=36;2014-12-31;1
33;Internationale-Moselgesellschaft mbH;52152000;EUR;25565000; 49.02;Beteiligungsbericht des Bundes 2046;https://www.bundesfinanzministerium.de/Content/DE/Standardartikel/Themen/Bundesvermoegen/Privatisierungs_und_Beteiligungspolitik/Beteiligungspolitik/Beteiligungsberichte/beteiligungsbericht-des-bundes-2015.pdf?__blob=publicationFile&v=37;2014-12-31;1
34;NOW GmbH Nationale Organisation Wasserstoff- und Brennstoffzellentechnologie;25000;EUR;25000;100;Beteiligungsbericht des Bundes 2047;https://www.bundesfinanzministerium.de/Content/DE/Standardartikel/Themen/Bundesvermoegen/Privatisierungs_und_Beteiligungspolitik/Beteiligungspolitik/Beteiligungsberichte/beteiligungsbericht-des-bundes-2015.pdf?__blob=publicationFile&v=38;2014-12-31;1
35;VIFG Verkehrsinfrastrukturfinanzierungsgesellschaft mbH;25000;EUR;25000;100;Beteiligungsbericht des Bundes 2048;https://www.bundesfinanzministerium.de/Content/DE/Standardartikel/Themen/Bundesvermoegen/Privatisierungs_und_Beteiligungspolitik/Beteiligungspolitik/Beteiligungsberichte/beteiligungsbericht-des-bundes-2015.pdf?__blob=publicationFile&v=39;2014-12-31;1
36;Asse-GmbH - Gesellschaft für Betriebsführung und Schließung der Schachtanlage Asse II;25000;EUR;25000;100;Beteiligungsbericht des Bundes 2049;https://www.bundesfinanzministerium.de/Content/DE/Standardartikel/Themen/Bundesvermoegen/Privatisierungs_und_Beteiligungspolitik/Beteiligungspolitik/Beteiligungsberichte/beteiligungsbericht-des-bundes-2015.pdf?__blob=publicationFile&v=40;2014-12-31;1
37;Baugenossenschaft Aschendorf-Hümmling eG;1011000;EUR;19000; 1.88;Beteiligungsbericht des Bundes 2050;https://www.bundesfinanzministerium.de/Content/DE/Standardartikel/Themen/Bundesvermoegen/Privatisierungs_und_Beteiligungspolitik/Beteiligungspolitik/Beteiligungsberichte/beteiligungsbericht-des-bundes-2015.pdf?__blob=publicationFile&v=41;2014-12-31;1
38;Baugenossenschaft Holstein eG;960000;EUR;24000; 1.22;Beteiligungsbericht des Bundes 2051;https://www.bundesfinanzministerium.de/Content/DE/Standardartikel/Themen/Bundesvermoegen/Privatisierungs_und_Beteiligungspolitik/Beteiligungspolitik/Beteiligungsberichte/beteiligungsbericht-des-bundes-2015.pdf?__blob=publicationFile&v=42;2014-12-31;1
39;Baugenossenschaft Langen eG;4347000;EUR;54000; 1.24;Beteiligungsbericht des Bundes 2052;https://www.bundesfinanzministerium.de/Content/DE/Standardartikel/Themen/Bundesvermoegen/Privatisierungs_und_Beteiligungspolitik/Beteiligungspolitik/Beteiligungsberichte/beteiligungsbericht-des-bundes-2015.pdf?__blob=publicationFile&v=43;2014-12-31;1
40;Baugenossenschaft Mittelholstein eG;5077000;EUR;2000; 0.03;Beteiligungsbericht des Bundes 2053;https://www.bundesfinanzministerium.de/Content/DE/Standardartikel/Themen/Bundesvermoegen/Privatisierungs_und_Beteiligungspolitik/Beteiligungspolitik/Beteiligungsberichte/beteiligungsbericht-des-bundes-2015.pdf?__blob=publicationFile&v=44;2014-12-31;1
41;Baugenossenschaft Neustadt/H;889000;EUR;10000; 1.12;Beteiligungsbericht des Bundes 2054;https://www.bundesfinanzministerium.de/Content/DE/Standardartikel/Themen/Bundesvermoegen/Privatisierungs_und_Beteiligungspolitik/Beteiligungspolitik/Beteiligungsberichte/beteiligungsbericht-des-bundes-2015.pdf?__blob=publicationFile&v=45;2014-12-31;1
42;Bauund Siedlungsgenossenschaft Eutin eG;2306000;EUR;19000; 0.82;Beteiligungsbericht des Bundes 2055;https://www.bundesfinanzministerium.de/Content/DE/Standardartikel/Themen/Bundesvermoegen/Privatisierungs_und_Beteiligungspolitik/Beteiligungspolitik/Beteiligungsberichte/beteiligungsbericht-des-bundes-2015.pdf?__blob=publicationFile&v=46;2014-12-31;1
43;Endlager Konrad Stiftungsgesellschaft mbH;25000;EUR;15000;60;Beteiligungsbericht des Bundes 2056;https://www.bundesfinanzministerium.de/Content/DE/Standardartikel/Themen/Bundesvermoegen/Privatisierungs_und_Beteiligungspolitik/Beteiligungspolitik/Beteiligungsberichte/beteiligungsbericht-des-bundes-2015.pdf?__blob=publicationFile&v=47;2014-12-31;1
44;Flensburger Arbeiter-Bauverein eG;3645000;EUR;90000; 2.46;Beteiligungsbericht des Bundes 2057;https://www.bundesfinanzministerium.de/Content/DE/Standardartikel/Themen/Bundesvermoegen/Privatisierungs_und_Beteiligungspolitik/Beteiligungspolitik/Beteiligungsberichte/beteiligungsbericht-des-bundes-2015.pdf?__blob=publicationFile&v=48;2014-12-31;1
45;Gemeinnützige Baugenossenschaft Rhein- Lahn-Westerwald eG;3452000;EUR;43000; 1.25;Beteiligungsbericht des Bundes 2058;https://www.bundesfinanzministerium.de/Content/DE/Standardartikel/Themen/Bundesvermoegen/Privatisierungs_und_Beteiligungspolitik/Beteiligungspolitik/Beteiligungsberichte/beteiligungsbericht-des-bundes-2015.pdf?__blob=publicationFile&v=49;2014-12-31;1
46;Gemeinnütziger Bauverein Wunstorf eG;3485000;EUR;6000; 0.17;Beteiligungsbericht des Bundes 2059;https://www.bundesfinanzministerium.de/Content/DE/Standardartikel/Themen/Bundesvermoegen/Privatisierungs_und_Beteiligungspolitik/Beteiligungspolitik/Beteiligungsberichte/beteiligungsbericht-des-bundes-2015.pdf?__blob=publicationFile&v=50;2014-12-31;1
47;Gemeinnütziges Wohnungsunternehmen Eckernförde eG;2605000;EUR;62000; 2.38;Beteiligungsbericht des Bundes 2060;https://www.bundesfinanzministerium.de/Content/DE/Standardartikel/Themen/Bundesvermoegen/Privatisierungs_und_Beteiligungspolitik/Beteiligungspolitik/Beteiligungsberichte/beteiligungsbericht-des-bundes-2015.pdf?__blob=publicationFile&v=51;2014-12-31;1
48;Gesellschaft für Anlagen- und Reaktorsicherheit mbH;27000;EUR;12600; 46.15;Beteiligungsbericht des Bundes 2061;https://www.bundesfinanzministerium.de/Content/DE/Standardartikel/Themen/Bundesvermoegen/Privatisierungs_und_Beteiligungspolitik/Beteiligungspolitik/Beteiligungsberichte/beteiligungsbericht-des-bundes-2015.pdf?__blob=publicationFile&v=52;2014-12-31;1
49;GEWOBA Nord Baugenossenschaft eG;6127000;EUR;18000; 0.29;Beteiligungsbericht des Bundes 2062;https://www.bundesfinanzministerium.de/Content/DE/Standardartikel/Themen/Bundesvermoegen/Privatisierungs_und_Beteiligungspolitik/Beteiligungspolitik/Beteiligungsberichte/beteiligungsbericht-des-bundes-2015.pdf?__blob=publicationFile&v=53;2014-12-31;1
50;Kreisbaugenossenschaft Calw eG;1405000;EUR;74000; 5.26;Beteiligungsbericht des Bundes 2063;https://www.bundesfinanzministerium.de/Content/DE/Standardartikel/Themen/Bundesvermoegen/Privatisierungs_und_Beteiligungspolitik/Beteiligungspolitik/Beteiligungsberichte/beteiligungsbericht-des-bundes-2015.pdf?__blob=publicationFile&v=54;2014-12-31;1
51;Obersteiner Baugenossenschaft eG;1849000;EUR;35000; 1.89;Beteiligungsbericht des Bundes 2064;https://www.bundesfinanzministerium.de/Content/DE/Standardartikel/Themen/Bundesvermoegen/Privatisierungs_und_Beteiligungspolitik/Beteiligungspolitik/Beteiligungsberichte/beteiligungsbericht-des-bundes-2015.pdf?__blob=publicationFile&v=55;2014-12-31;1
52;Selbsthilfe-Bauverein eG;11808000;EUR;42000; 0.36;Beteiligungsbericht des Bundes 2065;https://www.bundesfinanzministerium.de/Content/DE/Standardartikel/Themen/Bundesvermoegen/Privatisierungs_und_Beteiligungspolitik/Beteiligungspolitik/Beteiligungsberichte/beteiligungsbericht-des-bundes-2015.pdf?__blob=publicationFile&v=56;2014-12-31;1
53;Vereinigte Wohnstätte 1889 eG;14727000;EUR;68000; 0.46;Beteiligungsbericht des Bundes 2066;https://www.bundesfinanzministerium.de/Content/DE/Standardartikel/Themen/Bundesvermoegen/Privatisierungs_und_Beteiligungspolitik/Beteiligungspolitik/Beteiligungsberichte/beteiligungsbericht-des-bundes-2015.pdf?__blob=publicationFile&v=57;2014-12-31;1
54;Deutsches Primatenzentrum GmbH Leibniz- Institut für Primatenforschung;26000;EUR;13000;50;Beteiligungsbericht des Bundes 2067;https://www.bundesfinanzministerium.de/Content/DE/Standardartikel/Themen/Bundesvermoegen/Privatisierungs_und_Beteiligungspolitik/Beteiligungspolitik/Beteiligungsberichte/beteiligungsbericht-des-bundes-2015.pdf?__blob=publicationFile&v=58;2014-12-31;1
55;Deutsches Zentrum für Hochschul- und Wissenschaftsforschung GmbH;27000;EUR;19000; 70.37;Beteiligungsbericht des Bundes 2068;https://www.bundesfinanzministerium.de/Content/DE/Standardartikel/Themen/Bundesvermoegen/Privatisierungs_und_Beteiligungspolitik/Beteiligungspolitik/Beteiligungsberichte/beteiligungsbericht-des-bundes-2015.pdf?__blob=publicationFile&v=59;2014-12-31;1
56;FIZ Karlsruhe – Leibniz-Institut für Informationsinfrastruktur GmbH;48000;EUR;24000;50;Beteiligungsbericht des Bundes 2069;https://www.bundesfinanzministerium.de/Content/DE/Standardartikel/Themen/Bundesvermoegen/Privatisierungs_und_Beteiligungspolitik/Beteiligungspolitik/Beteiligungsberichte/beteiligungsbericht-des-bundes-2015.pdf?__blob=publicationFile&v=60;2014-12-31;1
57;Forschungszentrum Jülich GmbH;520000;EUR;468000;90;Beteiligungsbericht des Bundes 2070;https://www.bundesfinanzministerium.de/Content/DE/Standardartikel/Themen/Bundesvermoegen/Privatisierungs_und_Beteiligungspolitik/Beteiligungspolitik/Beteiligungsberichte/beteiligungsbericht-des-bundes-2015.pdf?__blob=publicationFile&v=61;2014-12-31;1
58;GSI Helmholtzzentrum für Schwerionenforschung GmbH;51000;EUR;46000;90;Beteiligungsbericht des Bundes 2071;https://www.bundesfinanzministerium.de/Content/DE/Standardartikel/Themen/Bundesvermoegen/Privatisierungs_und_Beteiligungspolitik/Beteiligungspolitik/Beteiligungsberichte/beteiligungsbericht-des-bundes-2015.pdf?__blob=publicationFile&v=62;2014-12-31;1
59;Helmholtz-Zentrum Berlin für Materialien und Energie GmbH;400000;EUR;360000;90;Beteiligungsbericht des Bundes 2072;https://www.bundesfinanzministerium.de/Content/DE/Standardartikel/Themen/Bundesvermoegen/Privatisierungs_und_Beteiligungspolitik/Beteiligungspolitik/Beteiligungsberichte/beteiligungsbericht-des-bundes-2015.pdf?__blob=publicationFile&v=63;2014-12-31;1
60;Helmholtz-Zentrum Geesthacht Zentrum für Material- und Küstenforschung GmbH;41000;EUR;19000; 46.25;Beteiligungsbericht des Bundes 2073;https://www.bundesfinanzministerium.de/Content/DE/Standardartikel/Themen/Bundesvermoegen/Privatisierungs_und_Beteiligungspolitik/Beteiligungspolitik/Beteiligungsberichte/beteiligungsbericht-des-bundes-2015.pdf?__blob=publicationFile&v=64;2014-12-31;1
61;Helmholtz-Zentrum für Infektionsforschung GmbH;26000;EUR;23400;90;Beteiligungsbericht des Bundes 2074;https://www.bundesfinanzministerium.de/Content/DE/Standardartikel/Themen/Bundesvermoegen/Privatisierungs_und_Beteiligungspolitik/Beteiligungspolitik/Beteiligungsberichte/beteiligungsbericht-des-bundes-2015.pdf?__blob=publicationFile&v=65;2014-12-31;1
62;Helmholtz Zentrum München Deutsches Forschungszentrum für Gesundheit und Umwelt (GmbH);51000;EUR;46000;90;Beteiligungsbericht des Bundes 2075;https://www.bundesfinanzministerium.de/Content/DE/Standardartikel/Themen/Bundesvermoegen/Privatisierungs_und_Beteiligungspolitik/Beteiligungspolitik/Beteiligungsberichte/beteiligungsbericht-des-bundes-2015.pdf?__blob=publicationFile&v=66;2014-12-31;1
63;Helmholtz-Zentrum für Umweltforschung GmbH - UFZ;26000;EUR;23000;90;Beteiligungsbericht des Bundes 2076;https://www.bundesfinanzministerium.de/Content/DE/Standardartikel/Themen/Bundesvermoegen/Privatisierungs_und_Beteiligungspolitik/Beteiligungspolitik/Beteiligungsberichte/beteiligungsbericht-des-bundes-2015.pdf?__blob=publicationFile&v=67;2014-12-31;1
64;Wissenschaftszentrum Berlin für Sozialforschung gGmbH;26000;EUR;19200;75;Beteiligungsbericht des Bundes 2077;https://www.bundesfinanzministerium.de/Content/DE/Standardartikel/Themen/Bundesvermoegen/Privatisierungs_und_Beteiligungspolitik/Beteiligungspolitik/Beteiligungsberichte/beteiligungsbericht-des-bundes-2015.pdf?__blob=publicationFile&v=68;2014-12-31;1
65;Deutsches Institut für Entwicklungspolitik gGmbH;26000;EUR;19500;75;Beteiligungsbericht des Bundes 2078;https://www.bundesfinanzministerium.de/Content/DE/Standardartikel/Themen/Bundesvermoegen/Privatisierungs_und_Beteiligungspolitik/Beteiligungspolitik/Beteiligungsberichte/beteiligungsbericht-des-bundes-2015.pdf?__blob=publicationFile&v=69;2014-12-31;1
66;Deutsche Gesellschaft für Internationale Zusammenarbeit GmbH;20452000;EUR;20452000;100;Beteiligungsbericht des Bundes 2079;https://www.bundesfinanzministerium.de/Content/DE/Standardartikel/Themen/Bundesvermoegen/Privatisierungs_und_Beteiligungspolitik/Beteiligungspolitik/Beteiligungsberichte/beteiligungsbericht-des-bundes-2015.pdf?__blob=publicationFile&v=70;2014-12-31;1
67;Deutsches Evaluierungsinstitut der Entwicklungszusammenarbeit (DEval) gGmbH;25000;EUR;25000;100;Beteiligungsbericht des Bundes 2080;https://www.bundesfinanzministerium.de/Content/DE/Standardartikel/Themen/Bundesvermoegen/Privatisierungs_und_Beteiligungspolitik/Beteiligungspolitik/Beteiligungsberichte/beteiligungsbericht-des-bundes-2015.pdf?__blob=publicationFile&v=71;2014-12-31;1
68;Engagement Global gGmbH;25000;EUR;25000;100;Beteiligungsbericht des Bundes 2081;https://www.bundesfinanzministerium.de/Content/DE/Standardartikel/Themen/Bundesvermoegen/Privatisierungs_und_Beteiligungspolitik/Beteiligungspolitik/Beteiligungsberichte/beteiligungsbericht-des-bundes-2015.pdf?__blob=publicationFile&v=72;2014-12-31;1
69;Bayreuther Festspiele GmbH;205000;EUR;59450;29;Beteiligungsbericht des Bundes 2082;https://www.bundesfinanzministerium.de/Content/DE/Standardartikel/Themen/Bundesvermoegen/Privatisierungs_und_Beteiligungspolitik/Beteiligungspolitik/Beteiligungsberichte/beteiligungsbericht-des-bundes-2015.pdf?__blob=publicationFile&v=73;2014-12-31;1
70;Kulturveranstaltungen des Bundes in Berlin GmbH;25000;EUR;25000;100;Beteiligungsbericht des Bundes 2083;https://www.bundesfinanzministerium.de/Content/DE/Standardartikel/Themen/Bundesvermoegen/Privatisierungs_und_Beteiligungspolitik/Beteiligungspolitik/Beteiligungsberichte/beteiligungsbericht-des-bundes-2015.pdf?__blob=publicationFile&v=74;2014-12-31;1
71;Kunst- und Ausstellungshalle der Bundesrepublik Deutschland GmbH;42000;EUR;26000; 60.98;Beteiligungsbericht des Bundes 2084;https://www.bundesfinanzministerium.de/Content/DE/Standardartikel/Themen/Bundesvermoegen/Privatisierungs_und_Beteiligungspolitik/Beteiligungspolitik/Beteiligungsberichte/beteiligungsbericht-des-bundes-2015.pdf?__blob=publicationFile&v=75;2014-12-31;1
72;Rundfunk-Orchester und -Chöre gGmbH Berlin;26000;EUR;9100;35;Beteiligungsbericht des Bundes 2085;https://www.bundesfinanzministerium.de/Content/DE/Standardartikel/Themen/Bundesvermoegen/Privatisierungs_und_Beteiligungspolitik/Beteiligungspolitik/Beteiligungsberichte/beteiligungsbericht-des-bundes-2015.pdf?__blob=publicationFile&v=76;2014-12-31;1
73;Transit-Film-Gesellschaft mbH;179000;EUR;179000;100;Beteiligungsbericht des Bundes 2086;https://www.bundesfinanzministerium.de/Content/DE/Standardartikel/Themen/Bundesvermoegen/Privatisierungs_und_Beteiligungspolitik/Beteiligungspolitik/Beteiligungsberichte/beteiligungsbericht-des-bundes-2015.pdf?__blob=publicationFile&v=77;2014-12-31;1
74;Berliner Zentrum für Internationale Friedenseinsätze gGmbH (AA);25000;EUR;25000;100;Beteiligungsbericht des Bundes 2087;https://www.bundesfinanzministerium.de/Content/DE/Standardartikel/Themen/Bundesvermoegen/Privatisierungs_und_Beteiligungspolitik/Beteiligungspolitik/Beteiligungsberichte/beteiligungsbericht-des-bundes-2015.pdf?__blob=publicationFile&v=78;2014-12-31;1
75;Zentrale Stelle zur Abrechnung von Arzneimittelrabatten (ZESAR) GmbH (BMI);25000;EUR;2500;10;Beteiligungsbericht des Bundes 2088;https://www.bundesfinanzministerium.de/Content/DE/Standardartikel/Themen/Bundesvermoegen/Privatisierungs_und_Beteiligungspolitik/Beteiligungspolitik/Beteiligungsberichte/beteiligungsbericht-des-bundes-2015.pdf?__blob=publicationFile&v=79;2014-12-31;1
76;juris GmbH Juristisches Informationssystem für die Bundesrepublik Deutschland (BMJV);2681000;EUR;1341000; 50.01;Beteiligungsbericht des Bundes 2089;https://www.bundesfinanzministerium.de/Content/DE/Standardartikel/Themen/Bundesvermoegen/Privatisierungs_und_Beteiligungspolitik/Beteiligungspolitik/Beteiligungsberichte/beteiligungsbericht-des-bundes-2015.pdf?__blob=publicationFile&v=80;2014-12-31;1
77;DBFZ Deutsches Biomasseforschungszentrum gGmbH, (BMEL);25000;EUR;25000;100;Beteiligungsbericht des Bundes 2090;https://www.bundesfinanzministerium.de/Content/DE/Standardartikel/Themen/Bundesvermoegen/Privatisierungs_und_Beteiligungspolitik/Beteiligungspolitik/Beteiligungsberichte/beteiligungsbericht-des-bundes-2015.pdf?__blob=publicationFile&v=81;2014-12-31;1
78;Stiftung Deutsch-Russischer Jugendaustausch Gemeinnützige GmbH (BMFSFJ);25000;EUR;8750;35;Beteiligungsbericht des Bundes 2091;https://www.bundesfinanzministerium.de/Content/DE/Standardartikel/Themen/Bundesvermoegen/Privatisierungs_und_Beteiligungspolitik/Beteiligungspolitik/Beteiligungsberichte/beteiligungsbericht-des-bundes-2015.pdf?__blob=publicationFile&v=82;2014-12-31;1
79;DFA Fertigungs- und Anlagenbau GmbH iL (BMF);51000;EUR;51000;100;Beteiligungsbericht des Bundes 2092;https://www.bundesfinanzministerium.de/Content/DE/Standardartikel/Themen/Bundesvermoegen/Privatisierungs_und_Beteiligungspolitik/Beteiligungspolitik/Beteiligungsberichte/beteiligungsbericht-des-bundes-2015.pdf?__blob=publicationFile&v=83;2014-12-31;1
80;EXPO 2000 Hannover GmbH iL (BMWi);5113000;EUR;2556000;50;Beteiligungsbericht des Bundes 2093;https://www.bundesfinanzministerium.de/Content/DE/Standardartikel/Themen/Bundesvermoegen/Privatisierungs_und_Beteiligungspolitik/Beteiligungspolitik/Beteiligungsberichte/beteiligungsbericht-des-bundes-2015.pdf?__blob=publicationFile&v=84;2014-12-31;1
81;Genossenschaft Höhenklinik Valbella Davos (BMAS);101000;CHF;101000;100;Beteiligungsbericht des Bundes 2094;https://www.bundesfinanzministerium.de/Content/DE/Standardartikel/Themen/Bundesvermoegen/Privatisierungs_und_Beteiligungspolitik/Beteiligungspolitik/Beteiligungsberichte/beteiligungsbericht-des-bundes-2015.pdf?__blob=publicationFile&v=85;2014-12-31;1
82;Deutsche Bauernsiedlung - Deutsche Gesellschaft für Landentwicklung GmbH (BMEL);7211000;EUR;1683000; 23.34;Beteiligungsbericht des Bundes 2095;https://www.bundesfinanzministerium.de/Content/DE/Standardartikel/Themen/Bundesvermoegen/Privatisierungs_und_Beteiligungspolitik/Beteiligungspolitik/Beteiligungsberichte/beteiligungsbericht-des-bundes-2015.pdf?__blob=publicationFile&v=86;2014-12-31;1
83;Fachinformationszentrum Chemie GmbH iL (BMBF);42000;EUR;17000;40;Beteiligungsbericht des Bundes 2096;https://www.bundesfinanzministerium.de/Content/DE/Standardartikel/Themen/Bundesvermoegen/Privatisierungs_und_Beteiligungspolitik/Beteiligungspolitik/Beteiligungsberichte/beteiligungsbericht-des-bundes-2015.pdf?__blob=publicationFile&v=87;2014-12-31;1
84;Kreditanstalt für Wiederaufbau;3750000000;EUR;1230500000; 32.81;Beteiligungsbericht des Bundes 2097;https://www.bundesfinanzministerium.de/Content/DE/Standardartikel/Themen/Bundesvermoegen/Privatisierungs_und_Beteiligungspolitik/Beteiligungspolitik/Beteiligungsberichte/beteiligungsbericht-des-bundes-2015.pdf?__blob=publicationFile&v=88;2014-12-31;1
85;High-Tech Gründerfonds GmbH & Co KG;271944000;EUR;239953000; 88.24;Beteiligungsbericht des Bundes 2098;https://www.bundesfinanzministerium.de/Content/DE/Standardartikel/Themen/Bundesvermoegen/Privatisierungs_und_Beteiligungspolitik/Beteiligungspolitik/Beteiligungsberichte/beteiligungsbericht-des-bundes-2015.pdf?__blob=publicationFile&v=89;2014-12-31;1
86;High-Tech Gründerfonds II GmbH & Co KG, Bonn;304000000;EUR;220000000; 72.37;Beteiligungsbericht des Bundes 2099;https://www.bundesfinanzministerium.de/Content/DE/Standardartikel/Themen/Bundesvermoegen/Privatisierungs_und_Beteiligungspolitik/Beteiligungspolitik/Beteiligungsberichte/beteiligungsbericht-des-bundes-2015.pdf?__blob=publicationFile&v=90;2014-12-31;1
87;Baugesellschaft Bayern mbH;6299000;EUR;321000; 5.10;Beteiligungsbericht des Bundes 2100;https://www.bundesfinanzministerium.de/Content/DE/Standardartikel/Themen/Bundesvermoegen/Privatisierungs_und_Beteiligungspolitik/Beteiligungspolitik/Beteiligungsberichte/beteiligungsbericht-des-bundes-2015.pdf?__blob=publicationFile&v=91;2014-12-31;1
88;Bundesbahn- Wohnungsbaugesellschaft Kassel mbH;2960000;EUR;151000; 5.09;Beteiligungsbericht des Bundes 2101;https://www.bundesfinanzministerium.de/Content/DE/Standardartikel/Themen/Bundesvermoegen/Privatisierungs_und_Beteiligungspolitik/Beteiligungspolitik/Beteiligungsberichte/beteiligungsbericht-des-bundes-2015.pdf?__blob=publicationFile&v=92;2014-12-31;1
89;Bundesbahn-Wohnungsbaugesellschaft Regensburg mbH;2723000;EUR;139000; 5.10;Beteiligungsbericht des Bundes 2102;https://www.bundesfinanzministerium.de/Content/DE/Standardartikel/Themen/Bundesvermoegen/Privatisierungs_und_Beteiligungspolitik/Beteiligungspolitik/Beteiligungsberichte/beteiligungsbericht-des-bundes-2015.pdf?__blob=publicationFile&v=93;2014-12-31;1
90;BWG Frankfurt am Main Bundesbahn- Wohnungsbaugesellschaft mbH;12799000;EUR;653000; 5.10;Beteiligungsbericht des Bundes 2103;https://www.bundesfinanzministerium.de/Content/DE/Standardartikel/Themen/Bundesvermoegen/Privatisierungs_und_Beteiligungspolitik/Beteiligungspolitik/Beteiligungsberichte/beteiligungsbericht-des-bundes-2015.pdf?__blob=publicationFile&v=94;2014-12-31;1
91;Eisenbahn-Siedlungs- Gesellschaft Berlin mbH;10737000;EUR;548000; 5.10;Beteiligungsbericht des Bundes 2104;https://www.bundesfinanzministerium.de/Content/DE/Standardartikel/Themen/Bundesvermoegen/Privatisierungs_und_Beteiligungspolitik/Beteiligungspolitik/Beteiligungsberichte/beteiligungsbericht-des-bundes-2015.pdf?__blob=publicationFile&v=95;2014-12-31;1
92;Eisenbahn- Siedlungsgesellschaft Stuttgart, Gemeinnützige Gesellschaft mbH;11000000;EUR;561000; 5.10;Beteiligungsbericht des Bundes 2105;https://www.bundesfinanzministerium.de/Content/DE/Standardartikel/Themen/Bundesvermoegen/Privatisierungs_und_Beteiligungspolitik/Beteiligungspolitik/Beteiligungsberichte/beteiligungsbericht-des-bundes-2015.pdf?__blob=publicationFile&v=96;2014-12-31;1
93;Eisenbahn-Wohnungsbaugesellschaft Nürnberg mbH;7337000;EUR;374000; 5.09;Beteiligungsbericht des Bundes 2106;https://www.bundesfinanzministerium.de/Content/DE/Standardartikel/Themen/Bundesvermoegen/Privatisierungs_und_Beteiligungspolitik/Beteiligungspolitik/Beteiligungsberichte/beteiligungsbericht-des-bundes-2015.pdf?__blob=publicationFile&v=97;2014-12-31;1
94;Eisenbahn-Siedlungsgesellschaft Augsburg mbH (Siegau);2914000;EUR;149000; 5.10;Beteiligungsbericht des Bundes 2107;https://www.bundesfinanzministerium.de/Content/DE/Standardartikel/Themen/Bundesvermoegen/Privatisierungs_und_Beteiligungspolitik/Beteiligungspolitik/Beteiligungsberichte/beteiligungsbericht-des-bundes-2015.pdf?__blob=publicationFile&v=98;2014-12-31;1
95;Eisenbahn-Wohnungsbau- Gesellschaft Karlsruhe mbH;9695000;EUR;494000; 5.10;Beteiligungsbericht des Bundes 2108;https://www.bundesfinanzministerium.de/Content/DE/Standardartikel/Themen/Bundesvermoegen/Privatisierungs_und_Beteiligungspolitik/Beteiligungspolitik/Beteiligungsberichte/beteiligungsbericht-des-bundes-2015.pdf?__blob=publicationFile&v=99;2014-12-31;1
96;Eisenbahn- Wohnungsbau-Gesellschaft Köln mbH;10860000;EUR;553000; 5.10;Beteiligungsbericht des Bundes 2109;https://www.bundesfinanzministerium.de/Content/DE/Standardartikel/Themen/Bundesvermoegen/Privatisierungs_und_Beteiligungspolitik/Beteiligungspolitik/Beteiligungsberichte/beteiligungsbericht-des-bundes-2015.pdf?__blob=publicationFile&v=100;2014-12-31;1
97;Gemeinnützige Eisenbahn- Wohnungsbaugesellschaft mbH Wuppertal;1000000;EUR;51000; 5.10;Beteiligungsbericht des Bundes 2110;https://www.bundesfinanzministerium.de/Content/DE/Standardartikel/Themen/Bundesvermoegen/Privatisierungs_und_Beteiligungspolitik/Beteiligungspolitik/Beteiligungsberichte/beteiligungsbericht-des-bundes-2015.pdf?__blob=publicationFile&v=101;2014-12-31;1
98;GWN Gemeinnützige Wohnungsgesellschaft Nordwestdeutschland mbH;6020000;EUR;307000; 5.10;Beteiligungsbericht des Bundes 2111;https://www.bundesfinanzministerium.de/Content/DE/Standardartikel/Themen/Bundesvermoegen/Privatisierungs_und_Beteiligungspolitik/Beteiligungspolitik/Beteiligungsberichte/beteiligungsbericht-des-bundes-2015.pdf?__blob=publicationFile&v=102;2014-12-31;1
99;„Siege“ Siedlungsgesellschaft für das Verkehrspersonal mbH Mainz;11488000;EUR;581000; 5.06;Beteiligungsbericht des Bundes 2112;https://www.bundesfinanzministerium.de/Content/DE/Standardartikel/Themen/Bundesvermoegen/Privatisierungs_und_Beteiligungspolitik/Beteiligungspolitik/Beteiligungsberichte/beteiligungsbericht-des-bundes-2015.pdf?__blob=publicationFile&v=103;2014-12-31;1
100;Vestische Wohnungsgesellschaft mbH;4475000;EUR;228000; 5.10;Beteiligungsbericht des Bundes 2113;https://www.bundesfinanzministerium.de/Content/DE/Standardartikel/Themen/Bundesvermoegen/Privatisierungs_und_Beteiligungspolitik/Beteiligungspolitik/Beteiligungsberichte/beteiligungsbericht-des-bundes-2015.pdf?__blob=publicationFile&v=104;2014-12-31;1
101;Wohnungsbau Niedersachsen GmbH;11319000;EUR;582000; 5.15;Beteiligungsbericht des Bundes 2114;https://www.bundesfinanzministerium.de/Content/DE/Standardartikel/Themen/Bundesvermoegen/Privatisierungs_und_Beteiligungspolitik/Beteiligungspolitik/Beteiligungsberichte/beteiligungsbericht-des-bundes-2015.pdf?__blob=publicationFile&v=105;2014-12-31;1
102;Wohnungsgesellschaft Norden mbH;12065000;EUR;617000; 5.12;Beteiligungsbericht des Bundes 2115;https://www.bundesfinanzministerium.de/Content/DE/Standardartikel/Themen/Bundesvermoegen/Privatisierungs_und_Beteiligungspolitik/Beteiligungspolitik/Beteiligungsberichte/beteiligungsbericht-des-bundes-2015.pdf?__blob=publicationFile&v=106;2014-12-31;1
103;Wohnungsgesellschaft Ruhr-Niederrhein mbH;5857000;EUR;298000; 5.09;Beteiligungsbericht des Bundes 2116;https://www.bundesfinanzministerium.de/Content/DE/Standardartikel/Themen/Bundesvermoegen/Privatisierungs_und_Beteiligungspolitik/Beteiligungspolitik/Beteiligungsberichte/beteiligungsbericht-des-bundes-2015.pdf?__blob=publicationFile&v=107;2014-12-31;1
104;WOGE Saar Wohnungsgesellschaft Saarland GmbH;3495000;EUR;178000; 5.09;Beteiligungsbericht des Bundes 2117;https://www.bundesfinanzministerium.de/Content/DE/Standardartikel/Themen/Bundesvermoegen/Privatisierungs_und_Beteiligungspolitik/Beteiligungspolitik/Beteiligungsberichte/beteiligungsbericht-des-bundes-2015.pdf?__blob=publicationFile&v=108;2014-12-31;1
105;Commerzbank AG;1138507000;EUR;195309000; 17.15;Beteiligungsbericht des Bundes 2118;https://www.bundesfinanzministerium.de/Content/DE/Standardartikel/Themen/Bundesvermoegen/Privatisierungs_und_Beteiligungspolitik/Beteiligungspolitik/Beteiligungsberichte/beteiligungsbericht-des-bundes-2015.pdf?__blob=publicationFile&v=109;2014-12-31;1
106;Hypo Real Estate Holding AG;2672546000;EUR;2672546000;100;Beteiligungsbericht des Bundes 2119;https://www.bundesfinanzministerium.de/Content/DE/Standardartikel/Themen/Bundesvermoegen/Privatisierungs_und_Beteiligungspolitik/Beteiligungspolitik/Beteiligungsberichte/beteiligungsbericht-des-bundes-2015.pdf?__blob=publicationFile&v=110;2014-12-31;1
107;Brückeninstitut EINS AG;5000000;EUR;5000000;100;Beteiligungsbericht des Bundes 2120;https://www.bundesfinanzministerium.de/Content/DE/Standardartikel/Themen/Bundesvermoegen/Privatisierungs_und_Beteiligungspolitik/Beteiligungspolitik/Beteiligungsberichte/beteiligungsbericht-des-bundes-2015.pdf?__blob=publicationFile&v=111;2014-12-31;1
108;Brückeninstitut ZWEI AG;5000000;EUR;5000000;100;Beteiligungsbericht des Bundes 2121;https://www.bundesfinanzministerium.de/Content/DE/Standardartikel/Themen/Bundesvermoegen/Privatisierungs_und_Beteiligungspolitik/Beteiligungspolitik/Beteiligungsberichte/beteiligungsbericht-des-bundes-2015.pdf?__blob=publicationFile&v=112;2014-12-31;1
109;Brückeninstitut DREI AG;250000;EUR;250000;100;Beteiligungsbericht des Bundes 2122;https://www.bundesfinanzministerium.de/Content/DE/Standardartikel/Themen/Bundesvermoegen/Privatisierungs_und_Beteiligungspolitik/Beteiligungspolitik/Beteiligungsberichte/beteiligungsbericht-des-bundes-2015.pdf?__blob=publicationFile&v=113;2014-12-31;1
