id,name,object,capital,capital_share,capital_share_perc,parent
1,"“Scanspol” Sp.zo.o., Warschau/Polen ",Transport & Logistik ,577.600 PLN ,577.600 PLN ,100,"Schenker Sp.z o.o.,Warschau "
2,"“Steig ein” GmbH i.L., Kempten ","Durchführung von Omnibusfahrten für Linien-, Miet- und Ausflugs- wagenverkehr ",60,20,"33,33 ","Regionalverkehr Allgäu GmbH (RVA), Oberstdorf "
3,"A & T Motor Retailing Limited, Sunderland/Großbritan nien ",Verkauf von Fahrzeugen ,1.505.000 GBP ,1.505.000 GBP ,100,"Broadwood Finance Company Limited, Sunderland "
4,"Airen Sostenible S.L., Barakaldo ",Sonstiges Grundstücks- wesen ,309,206,"66,67 ",FMS-WM 
5,"Air Navigation Solutions Limited, London, Großbritannien ",Erbringung von Flugsicherungsleis tungen am Flughafen London Gatwick ,5.000.000 GBP ,5.000.000 GBP ,100,"The Tower Company GmbH, Langen "
6,"Alliance Rail Holdings Ltd, YorkSunderland/ Großbritannien ",Bietergesellschaft ,100.000500.001 GBP ,75.100500.001 GBP ,"75,1100 ","Arriva UK Trains Limited, Sunderland "
7,"AMEROPA-REISEN GmbH, Bad Homburg v.d.H. 1)3) ","Veranstaltung von Reisen, insbeson- dere in Verbindung mit Bahnreisen ",2.557.000 ,2.557.000 ,100,"DB Fernverkehr Aktiengesellschaft, Frankfurt/Main "
8,"APS (Leasing) Ltd, Sunderland/Großbritan nien ",Mantelgesellschaft ,200.000 GBP ,200.000 GBP ,100,"Arriva (2007) Limited, Sunderland "
9,"Aquabus BV, Heerenveen/ Niederlande ",Personenverkehr sowie Transport & Logistik ,250,125,50,"Arriva Personenvervoer Nederland BV, Heerenveen "
10,"Arriva (2007) Limited, Sunderland/Großbritan nien ",Holding- gesellschaft ,154.988.501 160.000.000 GBP ,154.988.500 160.000.000 GBP 1 GBP ,100100 0 ,"Arriva Passenger Services Limited, Sunderland Arriva Plc, Sunderland "
11,"Arriva Abbey Line Limited, Sunderland ",Holding- gesellschaft ,10.000.000 GBP ,10.000.000 GBP ,100,"Arriva Passenger Services Limited, Sunderland "
12,"Arriva Achterhoek – Rivierenland BV, Heerenveen ",Personenverkehr ,90,90,100,"Arriva Personenvervoer Nederland BV, Heerenveen "
13,"Arriva Beheer NV, Heerenveen ",Verwaltung von Anlagevermögen ,100,100,100,"Arriva Personenvervoer Nederland BV, Heerenveen "
14,"Arriva Brabant BV, Heerenveen ",Personenverkehr ,90,90,100,"Arriva Personenvervoer Nederland BV, Heerenveen "
15,"Arriva Bus & Coach Holdings Limited, Sunderland/Großbritan nien ",Mantelgesellschaft ,30.000.00010.34 3.564 GBP ,30.000.00010.34 3.564 GBP ,100,"Arriva Findiv (2007) Limited, Sunderland "
16,"Arriva Bus and Coach Finance Ltd, Sunderland ",Finanzierungsges ellschaft für Fahrzeuge ,100.000 GBP ,100.000 GBP ,100,"Arriva Bus & Coach Holdings Limited, Sunderland "
17,"Arriva Bus and & Coach Ltd, Sunderland/ Großbritannien ",Verkauf von Fahrzeugen ,100.000 159.603 GBP ,100.000 159.603 GBP ,100,"Arriva Bus & Coach Holdings Limited, Sunderland "
18,"Arriva Bus and & Coach Rental (4) Ltd, Sunderland/ Großbritannien ",Anmietung von Bussen und Wagen ,100.000 GBP ,100.000 GBP ,100,"Arriva Bus & Coach Holdings Limited, Sunderland "
19,"Arriva Bus Transport Polska Sp. z o.o., Warschau/Polen ",Management- gesellschaft ,7597.000.000 PLN ,7597.000.000 PLN ,100,"Arriva Europe GmbH, Berlin "
20,"Arriva Busfleet NV, Heerenveen ",Personenverkehr ,3.403.352 ,3.403.352 ,100,"Arriva Personenvervoer Nederland BV, Heerenveen "
21,"Arriva Colchester Limited, Sunderland/ Großbritannien ",Personenverkehr ,865.565 GBP ,865.565 GBP ,100,"Arriva (2007) Limited, Sunderland "
22,"Arriva Coöperatie W.A., Heerenveen/ Niederlande ",Holding- gesellschaft ,649.515.737562. 056.737 ,"324.757.869281. 028.368,5 324.757.869281. 028.368,5 ",50 50 ,"Arriva International (Northern Europe) Limited, Sunderland Arriva International (Southern Europe) Limited, Sunderland "
23,"Arriva CR s.r.o., Prag/Tschechien ",,36.500.000 CZK ,36.500.000 CZK ,100,"Arriva Transport Ceska Republika a.s., Prag "
24,"Arriva Crossrail Limited, Sunderland/ Großbritannien ",Holding- gesellschaft ,10.000.000 GBP ,10.000.000 GBP ,100,"Arriva (2007) Limited, Sunderland "
25,"Arriva Croydon & North Surrey Limited, Sunderland/ Großbritannien ",Personenverkehr ,363.394 GBP ,363.394 GBP ,100,"Arriva (2007) Limited, Sunderland "
26,"Arriva Cymru Limited, Sunderland/ Großbritannien ",Personenverkehr ,1.400.000 GBP ,1.400.000 GBP ,100,"Arriva (2007) Limited, Sunderland "
27,"Arriva Danmark A/S, Kastrup/Dänemark ",Personenverkehr (Bus und Schiene) ,140.003.000 DKK ,140.003.000 DKK ,100,"Arriva Coöperatie W.A., Heerenveen "
28,"Arriva DAV BV, Heerenveen ",Personenverkehr ,90,90,100,"Arriva Personenvervoer Nederland BV, Heerenveen "
29,"Arriva Derby Limited, Sunderland/ Großbritannien ",Personenverkehr ,6.000.000 GBP ,6.000.000 GBP ,100,"Arriva (2007) Limited, Sunderland "
30,"Arriva DLR Limited, Sunderland ",Personenverkehr ,10.000.000 GBP ,10.000.000 GBP ,100,"Arriva UK Trains Limited, Sunderland "
31,"Arriva Dolenjska in Primorska, druzba za prevoz potnikov, d.do.o., Koper/Slowenien ",,4.028.115 ,4.026.101 ,"99,95 ","Arriva Europe GmbH, Berlin "
32,"Arriva Durham County Limited, Sunderland/ Großbritannien ",Personenverkehr ,1.000.000 GBP ,1.000.000 GBP ,100,"Arriva (2007) Limited, Sunderland "
33,"Arriva Finance Holding BV, Heerenveen/ Niederlande ",Holding- und Finanzierungsges ellschaft ,90,90,100,"Arriva Coöperatie W.A., Heerenveen "
34,"Arriva Finance Lease Limited, Sunderland/Großbritan nien ",Mantelgesellschaft ,3.000.000 GBP ,3.000.000 GBP ,100,"Arriva Motor Holdings Limited, Sunderland "
35,"Arriva Findiv Limited, Sunderland ",Holding- gesellschaft ,100.000.000 GBP ,100.000.000 GBP ,100,"Arriva International Limited, Sunderland "
36,"Arriva Holding Ceska Republika s.r.o., Prague/Tschechien ",,166.700.000 CZK ,166.683700.000 CZK 16.670 CZK ,"99,9910 0 0,01 ","Arriva Coöperatie W.A., Heerenveen Arriva Passenger Services (International) Limited, Sunderland "
37,"Arriva Hongarije Holding BV, Heerenveen/Niederland e ",Personenverkehr sowie Transport & Logistik ,90,90,100,"Arriva Coöperatie W.A., Heerenveen "
38,"Arriva Hrvatska d.o.o., Osijek/Kroatien ",,57.662.000 HRK ,57.662.000 HRK ,100,"Arriva Europe GmbH, Berlin "
39,"Arriva Hungary Zrt., Budapest/Ungarn ",Technische Beratung ,100.000.000 HUF ,100.000.000 HUF ,100,"Arriva Hongarije Holding BV, Heerenveen "
40,"Arriva HWGO BV, Heerenveen ",Personenverkehr ,90,90,100,"Arriva Personenvervoer Nederland BV, Heerenveen "
41,"Arriva Insurance A/S, Kastrup/Dänemark ",Versicherungs- gesellschaft ,20.000.000 DKK ,20.000.000 DKK ,100,"Arriva Danmark A/S, Kastrup "
42,"Arriva Insurance Company (Gibraltar) Limited, Gibraltar/Gibraltar ",Versicherungs- gesellschaft ,20.000.000 GBP ,20.000.000 GBP ,100,"Arriva Plc, Sunderland "
43,"Arriva International (7) Limited, Sunderland ",Mantelgesellschaft ,160.000.001 GBP ,160.000.001 GBP ,100,"Arriva Findiv Limited, Sunderland "
44,"Arriva International (Northern Europe) Limited, Sunderland/ Großbritannien ",Holding- gesellschaft ,200.000.000 ,200.000.000 ,100,"Arriva International Limited, Sunderland "
45,"Arriva International (Southern Europe) Limited, Sunderland/ Großbritannien ",Holding- gesellschaft ,200.000.000 ,200.000.000 ,100,"Arriva International Limited, Sunderland "
46,"Arriva International Finance Limited, Sunderland ",Mantelgesellschaft ,500.000.000 ,500.000.000 ,100,"Arriva International (7) Limited, Sunderland "
47,"Arriva International Limited, Sunderland/ Großbritannien ",Mantelgesellschaft ,367.500.000 GBP ,367.500.000 GBP ,100,"Arriva Plc, Sunderland "
48,"ARRIVA INVESTIMENTOS SGPS,SA, Almada/Portugal ",Managementgesel lschaft für soziale Aktivitäten ,63.050.000 ,63.050.000 ,100,"Arriva Malta Holdings Limited, Valletta "
49,"Arriva Italia Rail S.R.L., Milano/Italien ",Personenverkehr ,317.5,317.5,100,"Arriva Italia s.r.l., Milano "
50,"Arriva Italia s.r.l., Milano/Italien ","Personenverkehr, Beratungs- gesellschaft ",5.010.000 ,3.749.985 1.260.015 ,"74,85 25,15 ","Arriva Malta Finance & Investments Limited, Valletta Arriva Zuid Europa Holding BV, Heerenveen "
51,"Arriva Kent & Surrey Limited, Sunderland/ Großbritannien ",Personenverkehr ,1.700.000 GBP ,1.700.000 GBP ,100,"Arriva (2007) Limited, Sunderland "
52,"Arriva Kent Thameside Limited, Sunderland/ Großbritannien ",Personenverkehr ,3.078.491 GBP ,3.078.491 GBP ,100,"Arriva (2007) Limited, Sunderland "
53,"ARRIVA LISBOA TRANSPORTES SA, Almada/Portugal ",Personenverkehr in Autos ,100,100,100,"ARRIVA INVESTIMENTOS SGPS,SA, Almada "
54,"Arriva LITAS d.o.o. Pozarevac, Pozarevac/Serbien ",Personenverkehr ,"653.660.211,582 12 RSD ","653.660.211,582 12 RSD ",100,"Arriva Europe GmbH, Berlin "
55,"Arriva Liverpool Limited, Sunderland/ Großbritannien ",Personenverkehr ,514.000 GBP ,514.000 GBP ,100,"Arriva (2007) Limited, Sunderland "
56,"Arriva London Limited, Sunderland/ Großbritannien ",Mantelgesellschaft ,400.000 GBP ,400.000 GBP ,100,"Arriva Motor Holdings Limited, Sunderland "
57,"ARRIVA LONDON NORTH EAST LTD, Sunderland/ Großbritannien ",Personenverkehr ,5.748.779 GBP ,5.748.779 GBP ,100,"Arriva (2007) Limited, Sunderland "
58,"ARRIVA LONDON NORTH LTD, Sunderland/ Großbritannien ",Personenverkehr ,8.141.500 GBP ,8.141.500 GBP ,100,"Arriva (2007) Limited, Sunderland "
59,"ARRIVA LONDON SOUTH LTD, Sunderland/ Großbritannien ",Personenverkehr ,3.992.000 GBP ,3.992.000 GBP ,100,"Arriva (2007) Limited, Sunderland "
60,"Arriva LUV doo Beograd (Palilula), Belgrad ",Personenverkehr ,36.414.510 RSD ,36.414.510 RSD ,100,"Arriva Europe GmbH, Berlin "
61,"Arriva Malta Finance & Investments Limited, Valletta/Malta ",Mantelgesellschaft ,521.859.241222. 459.241 ,1 521.859.240222. 459.240 ,"0,00000 020 99,9999 998100 ","Arriva Finance Holding BV, Heerenveen Arriva Malta Holdings LtdLimited, Valletta "
62,"Arriva Malta Holdings Limited, SunderlandValletta/ Malta ",Mantelgesellschaft ,551.002.500490. 366.731 ,1 551.002.499490. 366.730 ,"0,00000 0299,99 999980 100 ","Arriva Finance Holding BV, Heerenveen Arriva Zuid Europa Holding BV, Heerenveen "
63,"Arriva Malta Limited, Qormi ",Busgesellschaft ,20.009.000 ,20.008.999 1 ,"99,9999 0,0001 ","Arriva Malta Holdings Limited, Valletta Arriva Zuid Europa Holding BV, Heerenveen "
64,"Arriva Merseyside Limited, Sunderland/ Großbritannien ",Personenverkehr ,19.134.000 GBP ,19.134.000 GBP ,100,"Arriva (2007) Limited, Sunderland "
65,"Arriva Michalovce, a.s., Michalovce/Slowakei ",Öffentlicher Straßenpersonen- verkehr ,6.637.378 ,3.991.719 ,"60,14 ","Arriva Hungary Zrt., Budapest "
66,"Arriva Middle East FZE, Dubai/VAE ",Holding- gesellschaft ,1.000.000 AED ,1.000.000 AED ,100,"DB Mobility Logistics AG, Berlin "
67,"Arriva Midlands Limited, Sunderland/ Großbritannien ",Personenverkehr ,94.400 GBP ,94.400 GBP ,100,"Arriva (2007) Limited, Sunderland "
68,"Arriva Midlands North Limited, Sunderland/ Großbritannien ",Personenverkehr ,4.167.176 GBP ,4.167.176 GBP ,100,"Arriva (2007) Limited, Sunderland "
69,"Arriva Morava a.s., Ostrava/Tschechien ",,616.013.000 CZK ,616.013.000 CZK ,100,"Arriva Transport Ceska Republika a.s., Prag "
70,"Arriva Motor Holdings Limited, Sunderland/ Großbritannien ",Mantelgesellschaft ,120.000.000 GBP ,120.000.000 GBP ,100,"Arriva Plc, Sunderland "
71,"Arriva Multimodaal BV, Heerenveen/ Niederlande ",Dienstleistungsge sellschaft ,90,90,100,"Arriva Personenvervoer Nederland BV, Heerenveen "
72,"Arriva Nitra a.s., Nitra/Slowakei ",,11.449.352 ,6.924.568 ,"60,48 ","Arriva Transport Services s.r.o., Nitra "
73,"Arriva Noroeste s.l., Ferrol/Spanien ",Personenverkehr ,21.038.440 ,21.038.440 ,100,"Arriva International Limited, SunderlandARRIVA SPAIN HOLDING, S.L., Madrid "
74,"Arriva North East Limited, Sunderland/ Großbritannien ",Holding- gesellschaft ,6.500.000 GBP ,6.500.000 GBP ,100,"Arriva (2007) Limited, Sunderland "
75,"Arriva North West Limited, Sunderland/ Großbritannien ",Personenverkehr ,1.590.910 GBP ,1.590.910 GBP ,100,"Arriva (2007) Limited, Sunderland "
76,"Arriva Northumbria Limited, Sunderland/ Großbritannien ",Personenverkehr ,3.000.000 GBP ,3.000.000 GBP ,100,"Arriva (2007) Limited, Sunderland "
77,"Arriva Nove Zamky, a.s., Nove,  Zamky/ Slowakei ",Öffentlicher Straßenpersonen- verkehr ,8.861.312 ,5.348.688 ,"60,36 ","Arriva Hungary Zrt., Budapest "
78,"Arriva Openbaar Vervoer NV, Heerenveen ",Personenverkehr ,100,100,100,"Arriva Personenvervoer Nederland BV, Heerenveen "
79,"Arriva Passenger Services Limited, Sunderland/ Großbritannien ",Dienstleistungs- gesellschaft ,169.621.674 GBP ,169.621.674 GBP ,100,"Arriva Plc, Sunderland "
80,"Arriva Personenvervoer Nederland BV, Heerenveen/ Niederlande ",Personenverkehr ,100,100,100,"Arriva Coöperatie W.A., Heerenveen "
81,"Arriva Plc, Sunderland/ Großbritannien ",Holding- gesellschaft ,10.219.545 GBP ,10.219.545 GBP ,100,"DB UK Holding Limited, DoncasterDB (UK) Investments Limited, Sunderland "
82,"Arriva Polen Holding B.V., Heerenveen/ Niederlande ",Personenverkehr sowie Transport & Logistik ,162,162,100,"Arriva Coöperatie W.A., Heerenveen "
83,"Arriva Polska Sp. z o.o., Warszawa/Polen ",Öffentlicher Personenverkehr ,4.500.000 PLN ,4.500.000 PLN ,100,"Arriva Polen Holding B.V., Heerenveen "
84,"ARRIVA PORTUGAL- TRANSPORTES LDA, Guimaraes/Portugal ",Personenverkehr ,100.4,402 99.998 ,"0,4 99,6 ","Arriva International Limited, Sunderland ARRIVA INVESTIMENTOS SGPS,SA, Almada "
85,"Arriva Praha s.r.o., Prag/Tschechien ",Personenverkehr ,140.200.000 CZK ,140.200.000 CZK ,100,"Arriva Transport Ceska Republika a.s., Prag "
86,"Arriva RP Sp. z o.o., Warszawa/Polen ",Öffentlicher Personenverkehr ,10.000.000 PLN ,10.000.000 PLN ,100,"Arriva International (2) Limited, SunderlandDB Polska Holding Sp. Z o.o., Zabrze "
87,"Arriva Scotland West Limited, Inchinnan/ Großbritannien ",Personenverkehr ,2.000.000 GBP ,2.000.000 GBP ,100,"Arriva (2007) Limited, Sunderland "
88,"Arriva Scotrail Limited, Sunderland/ Großbritannien ",Mantelgesellschaft ,10.000.000 GBP ,10.000.000 GBP ,100,"Arriva UK Trains Limited, Sunderland "
89,"Arriva Services a.s., Kraluv Dvur/Tschechien ",Personenverkehr ,10.000.000 CZK ,10.000.000 CZK ,100,"DB Czech Holding s.r.o., Rudna "
90,"Arriva Southend Limited, Sunderland/ Großbritannien ",Personenverkehr ,1.854.000 GBP ,1.854.000 GBP ,100,"Arriva (2007) Limited, Sunderland "
91,"Arriva Southern Counties Limited, Sunderland/ Großbritannien ",Holding- gesellschaft ,110.196 GBP ,110.196 GBP ,100,"Arriva (2007) Limited, Sunderland "
92,"Arriva Spolka z o.o., Tourun/Polen ",Personenverkehr ,157.583.750 PLN ,156.906.140179. 189.791 PLN ,"99,5799 ,75 ","Arriva Bus Transport Polska Sp. z o.o., Warschau "
93,"Arriva Stajerska, druzba za prevoz potnikov, d.d., Maribor/Slowenien ",,2.051.765 ,1.557.290 ,"75,9 ",Arriva Europe GmbH 
94,"Arriva Sverige AB, Stockholm/Schweden ",Busgesellschaft- Personenverkehr ,10.000.000 SEK ,10.000.000 SEK ,100,"Schenker International AB, Göteborg "
95,"Arriva Techniek BV, Heerenveen/ Niederlande ",Personenverkehr ,75,75,100,"Arriva Personenvervoer Nederland BV, Heerenveen "
96,"Arriva Tees & District Limited, Sunderland/ Großbritannien ",Personenverkehr ,1.000.000 GBP ,1.000.000 GBP ,100,"Arriva (2007) Limited, Sunderland "
97,"Arriva Teplice s.r.o., Teplice/Tschechien ",Öffentlicher Personenverkehr ,4.500.000 CZK ,4.500.000 CZK ,100,"Arriva Transport Ceska Republika a.s., Prag "
98,"Arriva the Shires Limited, Sunderland/ Großbritannien ",Personenverkehr ,728.308 GBP ,728.308 GBP ,100,"Arriva (2007) Limited, Sunderland "
99,"Arriva Tog A/S, Kastrup/Dänemark ",Schienen- personenverkehr ,102.000.000 DKK ,102.000.000 DKK ,100,"Arriva Danmark A/S, Kastrup "
100,"Arriva Touring BV, Heerenveen/ Niederlande ",Transport & Logistik ,75,75,100,"Arriva Personenvervoer Nederland BV, Heerenveen "
101,"Arriva Trains (Poland) Limited, Sunderland/ Großbritannien ",Holding- gesellschaft ,10.000.000 ,10.000.000 ,100,"Arriva International Limited, Sunderland "
102,"Arriva Trains Merseyside Limited, Sunderland/ Großbritannien ",Schienen- personenverkehr ,2.250.001 GBP ,2.250.001 GBP ,100,"Arriva UK Trains Limited, Sunderland "
103,"Arriva Trains Northern Limited, Sunderland/ Großbritannien ",Schienen- personenverkehr ,8.000.001 GBP ,8.000.001 GBP ,100,"Arriva UK Trains Limited, Sunderland "
104,"Arriva Trains Wales Limited/Trenau Arriva Cymru Limited, Sunderland/ Großbritannien ",Schienen- personenverkehr ,5.000.000 GBP ,5.000.000 GBP ,100,"Arriva UK Trains Limited, Sunderland "
105,"Arriva Transpennine Limited, Sunderland/ Großbritannien ",,10.000.000 GBP ,10.000.000 GBP ,100,"Arriva UK Trains Limited, Sunderland "
106,"Arriva Transport Ceska Republika a.s., Prag/Tschechien ",Holding- gesellschaft ,1.568.500.000 CZK ,1.568.500.000 CZK ,100,"Arriva Europe GmbH, Berlin "
107,"ARRIVA TRANSPORTES DA MARGEM SUL,SA, Almada/Portugal ",Personenverkehr mit Autos ,100,100,100,"ARRIVA INVESTIMENTOS SGPS,SA, Almada "
108,"Arriva UK Trains Limited, Sunderland/ Großbritannien ",Schienen- personenverkehr ,25.000.000003 GBP ,25.000.000003 GBP ,100,"MTL Services Limited, Sunderland "
109,"Arriva Vychodni Cechy a.s., Chrudim/Tschechien ",Straßen- personenverkehr ,89.121.000 CZK ,89.121.000 CZK ,100,"Arriva Transport Ceska Republika a.s., Prag "
110,"Arriva Wadden BV, Heerenveen ",Personenverkehr ,90.6,90.6,100,"Arriva Personenvervoer Nederland BV, Heerenveen "
111,"Arriva Waterland Rivierenland BV, Heerenveen ",Personenverkehr ,90,90,100,"Arriva Personenvervoer Nederland BV, Heerenveen "
112,"Arriva West Sussex Limited, Sunderland/ Großbritannien ",Personenverkehr ,50.002 GBP ,50.002 GBP ,100,"Arriva (2007) Limited, Sunderland "
113,"Arriva Yorkshire Ltd, Sunderland/ Großbritannien ",Personenverkehr ,1.429.678 GBP ,1.429.678 GBP ,100,"Arriva (2007) Limited, Sunderland "
114,"Arriva Zuid Europa Holding BV, Heerenveen/ Niederlande ",Personenverkehr sowie Transport & Logistik ,90,78.158 11.842 ,"86,8421 13,16 13,1579 ","Arriva Coöperatie W.A., Heerenveen Arriva Finance Holding BV, Heerenveen "
115,"AS Schenker, Tallin/Estland ",Speditions- dienstleistungen ,114.304,114.304,100,"DB Mobility Logistics AG, Berlin "
116,"ASIMEX Anterist + Schneider Import – Export S.a.r.L., Stiring- Wendel ",Logistische Dienstleistungen ,686.25,686.25,100,"DB France Holding SAS, Gennevilliers Cedex "
117,"ASTRA Grundstücks GmbH i.L., Frankfurt/Main ",Immobilien ,52.5,52.5,100,"KfW Beteili- gungsholding GmbH, Bonn "
118,"ATLANTIQUE EXPRESS SAS, Montaigu Cedex/Frankreich ",Transport & Logistik ,256,256,100,"Joyau S.A., Montaigu Cedex "
119,"ATS Air Transport Service AG, Zürich/Schweiz ",Verkehr ,100.000 CHF ,26.000 CHF ,26,"Schenker Schweiz AG, Zürich "
120,"Autokraft GmbH, Kiel1)3) ",Personenbeförde- rung mit Kraftfahr- zeugen im Linien- verkehr in Schles- wig-Holstein ,3.580.000 ,3.580.000 ,100,"DB Regio Aktiengesellschaft, Frankfurt/Main "
121,"Autoservizi F.V.G. S.P.A. – SAF, Udine/Italien ",Personenverkehr ,14.000.000 ,8.400.000 ,60,"Arriva Italia s.r.l., Milano "
122,"Autoterminal Śląsk Logistic Sp. z o. o., Sosnowiec/Polen ",Logistikleistungen im Bereich des Kraftfahrzeugver- triebes ,4.000.000 PLN ,2.000.000 PLN ,50,"ATG Autotransportlogistic Sp. z o. o., Malaszewicze "
123,"Auxiliar Logística de Vehiculos S.L., Zaragoza/Spanien ",,60,60,100,"Compañía Aragonesa de Portacoches S.A., Zaragoza "
124,"AVR Arbeitsge- meinschaft Versuchs- Reaktor GmbH, Jülich2) ",Abbau und  Entsorgung des Versuchsreaktors ,3119000,3.119.000 ,100,Energiewerke Nord GmbH 
125,"Awareness Capital S.L., Barakaldo ",Sonstiges Grundstücks- wesen ,2703000,1.803.000 ,"66,67 ",FMS-WM 
126,"Axiom Rail (Stoke) Limited, Doncaster/ Großbritannien ",Instandhaltungsgesellschaft GBP ,8333939,8.333.939 GBP ,100,"Marcroft Holding Ltd, Doncaster "
127,"B.B. Motors (Bristol) Limited, Sunderland ",Mantelgesellschaft GBP ,100000,100.000 GBP ,100,"Arriva Motor Holdings Limited, Sunderland "
128,"Bäckebols Akeri AB, Göteborg/Schweden ",Transport & Logistik SEK ,1500000,525.000 SEK ,35,"Schenker AB, Göteborg "
129,"Barraqueiro SGPS SA, Lissabon/Portugal ", ,69833841,21.997.660 ,"31,5 ","ARRIVA INVESTIMENTOS SGPS,SA, Almada "
130,"BAX Global (Malaysia) Sdn. Bhd., Shah AlamPetaling Jaya/Malaysia ",Managementgesellschaft MYR ,508795,508.795 MYR ,100,"Schenker Mauritius (Malaysian Holdings) Ltd., Port Louis "
131,"BAX Global (Thailand) Limited, Bangkok/Thailand ",THB ,2000000,2.000.000 THB ,100,"Schenker (Thai) Holdings Ltd., Bangkok "
132,"BAX Global (UK) Limited i.L., London/Großbritannien ",Betreiben von GBP jeglichen Tätigkeiten der Luftfracht ,10226223,10.226.223 GBP ,100,"Schenker Limited, FelthamMiddlesex "
133,"BAX Global Inc., Swanton, OH/USA ",Transport & Logistik USD ,1120000000,1.120.000.000 USD ,100,"Schenker (BAX) Holding Corp., Tarrytown New York "
134,"BAX Global Logistics (Shanghai) Co. Ltd., Shanghai/China ",Logistikdienstleistungen USD ,200000,200.000 USD ,100,"Schenker International (HK) Ltd., Hong Kong "
135,"Bayern Express & P. Kühn Berlin GmbH, Berlin1)3) ",Linien- und Gelegenheitsverkehr mit Omnibussen ,3068000,3.068.000 ,100,"DB Fernverkehr Aktiengesellschaft, Frankfurt/Main "
136,"baymodal Bamberg GmbH, Bamberg ",Betrieb und Vermarktung von Umschlags- und Serviceleistungen kombinierten einer bimodalen Umschlaganlage für den Kombinierten Verkehr ,300000,75.3,"25,1 ","TFG Transfracht Internationale Gesellschaft für Güterverkehr mbH, Frankfurt "
137,"BBH BahnBus Hochstift GmbH, Paderborn ",Personenbeförde- rung mit Kfz im Linienverkehr ein- schließlich des nicht genehmi- gungspflichtigen Verkehrs ,500,500,100,"BVO Busverkehr Ostwestfalen GmbH, Bielefeld "
138,"Beijing HuaJing DeBo International Engineering Consulting Co., Ltd, Beijing/China ",Technische Beratungsgesellsc haft ,6.000.000 CYN ,1.500.000 CYN ,25,"DB International GmbH, Berlin "
139,"Berliner Energieagentur GmbH, Berlin ","Energiedienst- leistungen, insb. Planung und Finanzierung von Maßnahmen zur umweltschon- enden Energie- erzeugung und – nutzung ",2.557.200 ,639.3,25,"Kreditanstalt für Wiederaufbau (KfW), Frankfurt/Main "
140,"BLS Cargo AG, Bern ",Erbringung von Gütertransport- leistungen auf der Schiene und mit kombinierten Transportmitteln ,60.000.000 CHF ,27.000.000 CHF ,45,"DB Schweiz Holding AG, Zug "
141,"Boreal & Austral Railfreight Ltd, Doncaster/ Großbritannien ",Holding- gesellschaft ,67.500.000 GBP ,67.500.000 GBP ,100,"DB Schenker Rail (UK) Holdings Ltd, Doncaster "
142,"British Bus (Properties) Limited, Sunderland/ Großbritannien ",Immobilien- entwicklungs- gesellschaft ,10.000.100 GBP ,10.000.100 GBP ,100,"Arriva (2007) Limited, Sunderland "
143,"British Bus Limited, Sunderland/ Großbritannien ",Holding- gesellschaft ,2.587.000 GBP ,2.587.000 GBP ,100,"Arriva (2007) Limited, Sunderland "
144,"BRN Busverkehr Rhein-Neckar GmbH, Mannheim1)3) ",Personenbeförde- rung mit Kfz im Linien- und Ge- legenheitsverkehr ,3.580.000 ,3.580.000 ,100,"DB Regio Aktiengesellschaft, Frankfurt/Main "
145,"Broadwood Finance Company Limited, Sunderland/ Großbritannien ",Finanzintermediär ,250.000 GBP ,250.000 GBP ,100,"Arriva Finance Lease Limited, Sunderland "
146,"BRS Busverkehr Ruhr- Sieg GmbH, Meschede ","Personenbeförde- rung mit Kfz im Linienverkehr einschließlich des nicht geneh- migungspflichtigen Verkehrs, im Gelegen- heitsverkehr ",500,500,100,"WB Westfalen Bus GmbH, Münster "
147,"BTL AB, Göteborg ",Transport & Logistik ,1.405.299.663 SEK ,1.405.299.663 SEK ,100,"Schenker International AB, Göteborg "
148,"BTL Nord GmbH, Lübeck ",Betrieb eines Spe- ditionsgeschäftes ,20.000.000 DM ,20.000.000 DM ,100,"Schenker Aktiengesellschaft, Essen "
149,"BTL Reinsurance S.A., Luxemburg/Luxemburg ",Konzerneigene Versicherungs- gesellschaft ,15.000.000 SEK ,15.000.000 SEK ,100,"BTL Schenker North & East AB, Göteborg "
150,"BTU - Bilspedition Transportörer Utvecklings AB, Solna/Schweden ",Transport & Logistik ,500.000 SEK ,250.000 SEK ,50,"Schenker AB, Göteborg "
151,"Bürg Trans GmbH, Düsseldorf ",Express und Transportdienst- leistungen ,125,125,100,Container Service Amsterdam 
152,"Bus Nort Balear s.l., Alcudia/Spanien ",Personenverkehr ,149.652,149.652,100,"Autocares Mallorca, s.l., Alcudia "
153,"Bus Point Srl, Lallio (BG)/Italien ",Instandhaltungs- gesellschaft ,100,30,30,"S.A.B. AUTOSERVIZI S.R.L., Bergamo "
154,"Busdan 32.1 A/S, Kastrup/Dänemark ",Vermögens- verwaltung ,102.000500.000 DKK ,102.000500.000 DKK ,100,"Arriva Danmark A/S, Kastrup "
155,"BUSDAN 33 ApS, Kastrup/Dänemark ",Leasing ,2.574.000 DKK ,2.574.000 DKK ,100,"Arriva Danmark A/S, Kastrup "
156,"Busverkehr Märkisch- Oderland GmbH, Strausberg ",Personenbeförde- rung mit Kfz nach den Bestimmungen des Personenbeförde- rungsgesetzes ,564,288.6,"51,1702 ","DB Regio Aktiengesellschaft, Frankfurt/Main "
157,"Busverkehr Oder-Spree GmbH, Fürstenwalde ",Personenbeförde- rung mit Kfz im Linienverkehr ,51.2,26.1992,"51,17 ","DB Regio Aktiengesellschaft, Frankfurt/Main "
158,"BVO Busverkehr Ostwestfalen GmbH, Bielefeld1)3) ",Personenbeförde- rung mit Kfz im Linien- und Gele- genheitsverkehr ,4.610.000 ,4.610.000 ,100,"DB Regio Aktiengesellschaft, Frankfurt/Main "
159,"BVR Busverkehr Rheinland GmbH, Düsseldorf1)3) ",Personenbeför- derung mit Kfz im Linien- und Gele- genheitsverkehr ,3.580.000 ,3.580.000 ,100,"DB Regio Aktiengesellschaft, Frankfurt am Main "
160,"BSV Verwaltungs- gesellschaft mbH i.L., Berlin ","Geschäftsführung, Verwaltung, Liqui- dation und Ver- mögensverwert- ung ","3.834.689,1 ","3.834.689,1 ",100,Bundesanstalt für vereinigungsbe- dingte Son- deraufgaben 
161,"BVVG Bodenverwertungs- und -verwaltungs GmbH, Berlin ",Verwertung von ehemals volks- eigenem land- und forstwirtschaft- lichem Vermögen für die BvS ,512,512,100,Bundesanstalt für vereinigungsbe- dingte Son- deraufgaben 
162,"CD-DUSS Terminal, a.s., Lovosice/Tschechien ",Lagerung von Gütern und Umschlag von Lagerungen ,4.000.000 CZK ,1.960.000 CZK ,49,"DB Mobility Logistics AG, Berlin "
163,"Compañía Aragonesa de Portacoches S.A., Zaragoza/Spanien ",,600,506.52,"84,42 ","Transportes Ferroviarios Especiales S.A., Madrid "
164,"Connect- Fahrplanauskunft GmbH, Hannover ",Erbringung von Dienstleistungen für eine umfassende landesweite elektronische Fahrplanauskunft/ Fahrgastin- formation ,50,21,42,"Weser-Ems Busverkehr GmbH (WEB), Bremen "
165,"Container Szállítmányátrakó Állomás Kft.i.L., Györ/Ungarn ",Betrieb eines Terminals ,26.000.000 HUF ,26.000.000 HUF ,100,"DB Hungaria Holding Kft., Budapest "
166,"Container Terminal Dortmund GmbH, Dortmund ",Betreiben eines öffentlichen Container- terminals ,180,54,30,"DB Intermodal Services GmbH, Mainz "
167,"Container Terminal Enns GmbH, Enns/Österreich ",Betrieb des Lagergewerbes ,100,49,49,DB Mobility Logistics AG 
168,"Corridor Operations NMBS/SNCB DB Schenker Rail N.V., Brüssel/Belgien ",Organisation und Produktion des grenzüber- schreitenden Eisenbahn- güterverkehrs sowohl in Belgien als auch im Aus- land ,650,331.5,51,"DB Schenker Rail Aktiengesellschaft, Mainz "
169,cv Cryptovision GmbH Gelsenkirchen Deutschland ,Entwicklung und Herstellung von Kryptografie- Verfahren ,183.274,64.329,"35,1 ","Bundesdruckerei GmbH, Berlin "
170,"DB (UK) Investments Limited, Sunderland/ Großbritannien ",,750.000.001 GBP ,750.000.001 GBP ,100,"DB Mobility Logistics AG, Berlin "
171,"DB (UK) Logistics Holdings Limited, Doncaster ",Holding- gesellschaft ,2.859.100 GBP ,2.859.100 GBP ,100,"DB (UK) Investments Limited, Sunderland "
172,"DB Bahnbau Gruppe GmbH, Berlin ","Planung, Erstellung und Instandhaltung von Anlagen der Infrastruktur, insbes. der Eisenbahninfra- struktur ",10.000.000 ,10.000.000 ,100,"DB Netz Aktiengesellschaft, Frankfurt/Main "
173,"DB Barnsdale AG, Berlin ","Erwerb, Bündelung und Geltendmachung von Schadensersatzan sprüchen gegen Luftfrachtanbieter ",4.000.000 ,4.000.000 ,100,"DB Mobility Logistics AG, Berlin "
174,"DB Belgie Holding BVBA, Antwerpen/Belgien ",Holding ,37.418.550 ,37.378.213 40.337 ,"99,8922 0,10781 1 ","DB Mobiliy Logistics AG, Berlin Schenker Aktiengesellschaft, Essen "
175,"DB Busverkehr Hessen GmbH, Weiterstadt ",Personalbeförde- rung mit Kfz im Linienverkehr ,51.2,51.2,100,"Verkehrsgesell- schaft mbH Untermain – VU, Aschaffenburg "
176,"DB Danmark Holding ApS, Hvidovre/Dänemark ","Erwerb, Besitz, Verwaltung und Verkauf von Beteiligungen ",1.000.000 DKK ,1.000.000 DKK ,100,"DB Mobility Logistics AG, Berlin "
177,"DB Dialog GmbH, Berlin ",Erbringung von Telefonmarketing- und Service- leistungen für Unternehmen der Deutsche Bahn AG sowie für Dritte ,614,614,100,"DB Vertrieb GmbH, Frankfurt/Main "
178,"DB Dienstleistungen GmbH, Berlin ","Planung, Organi- sation, Vertrieb und  Koordination der durch verbundene Unternehmen er- brachten Dienst- leistungen ",150,150,100,"DB Mobility Logistics AG, Berlin "
179,"DB Energie GmbH, Frankfurt/Main ","Betreiben einer öffentlichen Eisenbahninfra- struktur, Erzeugung, Verarbeitung, Übertragung, Verteilung und Vermarkung von Energie ",51.667.000 ,51.667.000 ,100,"Deutsche Bahn Aktiengesellschaft, Berlin "
180,"DB Fahrzeuginstand- haltung GmbH, Berlin ",Erbringung von Dienstleistungen für Eisen- bahnverkehrs- und Infrastruktur- unternehmen auf dem Gebiet des Verkehrswesens ,231,231,100,"DB Dienstleistungen GmbH, Berlin "
181,"DB Fernverkehr Aktiengesellschaft, Frankfurt/Main ","Erbringen, Ver- markten und Koor- dinierung von Ver- kehrsleistungen ",512.000.000 ,512.000.000 ,100,"DB Mobility Logistics AG, Berlin "
182,"DB France Holding SAS, Gennevilliers Cedex/Frankreich ",Halten von Beteiligungen so- wie die Erbringung von Dienst- leistungen für diese Beteiligun- gen exklusiv für die Deutsche Bahn Gruppe ,529.037.000 ,529.037.000 ,100,"DB Mobility Logistics AG, Berlin "
183,"DB FuhrparkService GmbH, Frankfurt/Main ",Bedarfsgerechte Vorhaltung und die Verwaltung von Kraftfahrzeugen ,256,256,100,"DB Dienstleistungen GmbH, Berlin "
184,"DB Gastronomie GmbH, Frankfurt/Main ","Erbringung, Ver- marktung und Koordinierung von Leistungen aller Art im Gastronomie- bereich ",512,512,100,"DB Mobility Logistics AG, Berlin "
185,"DB Intermodal Services GmbH, Mainz ","Errichtung, Finan- zierung und der Betrieb öffentlicher Umschlaganlagen ",1.304.000 ,1.304.000 ,100,"DB Mobility Logistics AG, Berlin "
186,"DB International Brasil Servicos de Consultoria Ltda., Rio de Janeiro/Brasilien ",Beratungsgesellsc haft Transport & Logistik ,286.400 BRL ,283.400 BRL 3.000 BRL ,"98,95 1,05 ","DB Mobility Logistics AG, Berlin DB International GmbH, Berlin "
187,"DB International GmbH, Berlin ","Arbeiten auf dem Gebiet des Bau- und Verkehrswesens, insb. Planung, Projektmanage- ment und Bauüberwachung ",3.580.000 ,3.580.000 ,100,"DB Mobility Logistics AG, Berlin "
188,"DB International (Beijing) Co., Ltd., Peking/China ",,2.500.000 CNY ,2.500.000 CNY ,100,Schenker (Asia Pacific) Pte. Ltd. 
189,"DB JobService GmbH, Berlin ",Arbeitsvermittlung von Arbeitnehmern ,2.500.000 ,2.500.000 ,100,"Deutsche Bahn Aktiengesellschaft, Berlin "
190,"DB Kommunikations- technik GmbH, Berlin ","Beschaffung, Erbringung, Vermarktung und Koordinierung von Planungs-, Service-, Wartungs-, Projekt- und sonstigen Dienstleistungen ",2.557.000 ,2.557.000 ,100,"DB Dienstleistungen GmbH, Berlin "
191,"DB Mobility Logistics AG, Berlin ",Leitung einer Gruppe von Unternehmen ,1.000.000.000 ,1.000.000.000 ,100,"Deutsche Bahn Aktiengesellschaft, Berlin "
192,"DB Mobility Services Austria GmbH, Wien/Österreich ",Dienstleistungen im Zusammenhang mit Mobilität ,300,300,100,"DB Mobility Logistics AG, Berlin "
193,"DB Netz Aktiengesellschaft, Frankfurt/Main ",Betreiben und Vermarkten von Eisen- bahninfrastruktur; Betriebsführung von Schienen- wegen ,767.000.000 ,767.000.000 ,100,"Deutsche Bahn Aktiengesellschaft, Berlin "
194,"DB PORT SZCZECIN Sp. z.o.o., Szczecin/Polen ",Umschlag- dienstleistungen ,15.879.750 PLN ,15.371.598 PLN ,"96,8 ","DB Schenker Rail Polska S.A., Zabrze "
195,"DB Regio Aktiengesellschaft, Frankfurt/Main ","Erbringung, Ver- marktung und Koordinierung von Verkehrs- leistungen des Schienen- und straßengebunde- nen ÖPNV ",410.000.000 ,410.000.000 ,100,"DB Mobility Logistics AG, Berlin "
196,"DB Regio Tyne and Wear Limited, London/Großbritannien ",Konzessionsbetrie b der Tyne and Wear Metro ,1.300.000001 GBP ,1.300.000001 GBP ,100,"DB Regio UKArriva Trains Holdings Limited, London "
197,"DB RegioNetz Verkehrs GmbH, Frankfurt/Main ","Erbringung, Vermarktung und Koordination von schienen- und straßengebund- enen Verkehrs- leistungen ",100,100,100,"DB Regio Aktiengesellschaft, Frankfurt/Main "
198,"DB Reise & Touristik Suisse SA, Basel/Schweiz ",Betrieb eines Bahnverpflegungs -dienstes; Füh- rung von Catering- und Restaura- tionsbetrieben ,1.200.000 CHF ,1.200.000 CHF ,100,"DB Schweiz Holding AG, Zug "
199,"DB Schenker (Cambodia) Limited, Phnom Penh/Kambodscha ",Transport & Logistik ,500.000  USD ,500.000 USD ,100,"Schenker (Asia Pacific) Pte. Ltd., Singapur "
200,"DB Schenker BTT GmbH, Mainz ","Nationale und internationale Produktentwicklun g und Vermarktung von Tank-, Silo- und Wechselbe- hälterverkehren ",1.534.000 ,1.534.000 ,100,"DB Mobility Logistics AG, Berlin "
201,"DB Schenker FLLC, Minsk/Weißrussland ",Transport & Logistik ,130.000 USD ,128.700 USD 1.300 USD ,99 1 ,"DB Mobility Logistics AG, Berlin Oy Schenker East AB, Helsinki "
202,"DB Schenker Global Services Europe S.R.L., Bukarest/Rumänien ",Holding- gesellschaft ,1.350.000 RON ,1.350.000 RON ,100,"DB Mobility Logistics AG, Berlin "
203,"DB Schenker Nieten GmbH, Freilassing ",Betrieb einer nationalen und internationalen Spedition sowie Lagerei mit Schwerpunkt Holzlogistik ,50,50,100,"DB Mobility Logistics AG, Berlin "
204,"DB Schenker Rail (UK) Holdings Limited, Doncaster/ Großbritannien ",Holding- gesellschaft ,43.815.277 GBP ,43.815.277 GBP ,100,"DB UK Holding(UK) Investments Limited, Doncaster "
205,"DB Schenker Rail (UK) Limited, Doncaster/ Großbritannien ",Schienen- gütervekehr ,18.947.932 GBP ,18.947.932 GBP ,100,"Boreal & Austral Railfreight Ltd, Doncaster "
206,"DB Schenker Rail Aktiengesellschaft, Mainz ","Erbringen, Vermarkten und Koordinieren von Verkehrsleistunge n, insbes. Eisenbahn- und Straßenverkehrsle istungen ",256.001.000 ,256.001.000 ,100,"DB Mobility Logistics AG, Berlin "
207,"DB Schenker Rail Automotive GmbH, Kelsterbach ",Durchführung von Gesamttransport- und Service- leistungen ein- schließlich Logistik auf dem Gebiet der schienengebun- denen Automobil- beförderung innerhalb Europas ,255.65,255.65,100,"Schenker Aktiengesellschaft, Essen "
208,"DB Schenker Rail Danmark Services A/S, Taastrup/Dänemark ",Vertriebsaktivit- äten im Schienen- güterverkehr ,500.007 DKK ,500.007 DKK ,100,"DB Danmark Holding ApS, Hvidovre "
209,"DB Schenker Rail Deutschland Aktiengesellschaft, Mainz ",Führen von Betrieben verwandter Unternehmen ,50,50,100,"DB Schenker Rail Aktiengesellschaft, Mainz "
210,"DB Schenker Rail Hungaria Kft., Györ/Ungarn ","Frachtumschlag, Lagerhaltung, sonstige Hilfs- und Nebentätigkeiten für den Landverkehr ",25.000.000 HUF ,25.000.000 HUF ,100,"DB Hungaria Holding Kft., Budapest "
211,"DB Schenker Rail Italia S.r.I., Novate Milanese/Mailand ",Betrieb und Verwaltung von Eisenbahnfahr- zeugen zur Traktion von Güterverkehr und Personenverkehr ,100,100,100,"Schenker Italiana S.p.A., Peschiera Borromeo "
212,"DB Schenker Rail Nederland N.V., Utrecht/Niederlande ",Gütertransport einschl. Transport- und Logistikservice ,7.000.455 ,7.000.455 ,100,"DB Nederland Holding B.V., Heerenveen "
213,"DB Schenker Rail Polska S.A., Zabrze/Polen ",Schienen- güterverkehr ,18.508.139 PLN ,18.508.139 PLN ,100,"DB Polska Holding Sp. z.o.o, Zabrze "
214,"DB Schenker Rail Romania S.R.L., Timisoara/Rumänien ",Transport im Be- reich des schie- nengebundenen Verkehrs ,29.996.600 RON ,29.996.600 RON ,100,"DB Schenker Rail Aktiengesellschaft, Mainz "
215,"DB Schenker Rail Scandinavia A/S, Taastrup/Dänemark ",Betreiben von Schienengüter- verkehr in Dänemark und über die gesamte Öresundbrücke zwischen Schweden und Deutschland ,42.050.000 DKK ,21.445.500 DKK ,51,"DB Danmark Holding ApS, Hvidovre "
216,"DB Schenker Rail Schweiz GmbH, Glattbrugg/Schweiz ",Erbringung von Dienstleistungen für Eisenbahnen und eisenbahn- verwandte Betriebe ,233.000 CHF ,233.000 CHF ,100,"DB Schweiz Holding AG, Zug "
217,"DB Schenker Rail Spedkol Sp. z.o.o., Kędzierzyn-Koźle/Polen ",Agenturdienst- leistungen ,4.034.350 PLN ,4.034.350 PLN ,100,"DB Schenker Rail Polska S.A., Zabrze "
218,"DB Schweiz Holding AG, Zug/Schweiz ","Erwerb, Halten, Verwaltung und Veräußerung von Beteiligungen an anderen Unter- nehmen ",101.000 CHF ,101.000 CHF ,100,"DB Mobility Logistics AG, Berlin "
219,"DB Services GmbH, Berlin ",Erbringung von Dienstleistungen im Bereich der Reinigung und Schutz von Gebäuden und Anlagen sowie Verkehrsmitteln ,256.05,256.05,100,"DB Dienstleistungen GmbH, Berlin "
220,"DB Station&Service Aktiengesellschaft, Berlin ",Betreiben der Per- sonenbahnhöfe für den Personennah- und -fernverkehr ,256.000.000 ,256.000.000 ,100,"Deutsche Bahn Aktiengesellschaft, Berlin "
221,"DB Systel GmbH, Frankfurt/Main ","Beschaffung, Er- bringung, Ver- marktung und Koordination jeglicher IT & TK Leistungen und zugehöriger Leis- tungen sowie Dienstleistungen ",10.000.000 ,10.000.000 ,100,"DB Dienstleistungen GmbH, Berlin "
222,"DB Systel UK Limited, Doncaster/ Großbritannien ",IT-Gesellschaft ,100.000 GBP ,100.000 GBP ,100,"DB (UK) Investments Limited, Sunderland "
223,"DB Systemtechnik GmbH, Minden ",Erbringung von Ingenieur- und Prüfdienst- leistungen ,1.000.000 ,1.000.000 ,100,"Deutsche Bahn Aktiengesellschaft, Berlin "
224,"DB UK Holding Limited, Doncaster ",Holding- gesellschaft ,2.859.100 GBP ,2.859.100 GBP ,100,"DB (UK) Logistics Holdings Limited, Doncaster "
225,"DB US Holding Corporation, Tarrytown/USA ",Holding- gesellschaft ,14.000.000 USD ,14.000.000 USD ,100,"DB US Corporation, Tarrytown "
226,"DB Waggonbau Niesky GmbH, Niesky ","Entwicklung, Herstellung und Vermarktung von schienengebun- denen Fahrzeugen ",1.525.000 ,1.525.000 ,100,"DB Fahrzeug- instandhaltung GmbH, Frankfurt/Main "
227,"DB Zeitarbeit GmbH, Berlin ",Erbringung und Vermarktung von Personaldienst- leistungen als Personaldienstleis ter des DB- Konzerns ,100,100,100,"Deutsche Bahn Aktiengesellschaft, Berlin "
228,"DB ZugBus Regionalverkehr Alb- Bodensee GmbH (RAB), Ulm ",Erbringung und Planung von SPNV-Leistungen; Personenbeför- derung mit Kfz im Linien- und Gele- genheitsverkehr ,9.204.000 ,9.204.000 ,100,"DB Regio Aktiengesellschaft, Frankfurt/Main "
229,"DCH Düsseldorfer Container-Hafen GmbH, Düsseldorf ",Betrieb eines Con- tainer-Terminals im Hafen Düsseldorf ,103,52.53,51,"DB Intermodal Services GmbH, Mainz "
230,"DEG Deutsche Investitions- und Entwicklungs- gesellschaft mbH, Köln ",Förderung des Aufbaus der Wirtschaft in den Entwick- lungsländern ,750.000.000 ,750.000.000 ,100,"Kreditanstalt für Wiederaufbau (KfW), Frankfurt/Main "
231,"DEPFA Bank plc, Dublin ",Kreditinstitut ,1.248.000 ,1.248.000 ,100,FMS WM 
232,"DEPFA ACS Bank, Dublin ",Kreditinstitut ,510.000.000 ,510.000.000 ,100,"DEPFA Bank plc, Dublin "
233,"DEPFA Hold Six Ltd, Dublin ",Finanzholding- Gesellschaft ,1.647.000 ,1.647.000 ,100,"DEPFA Ireland Holding Ltd, Dublin "
234,"Deutsche Bahn Finance B.V., Amsterdam/ Niederlande ",Finanzierung und Erbringung von Finanzdienst- leistungen für die Deutsche Bahn AG und deren Beteili- gungsgesellschaf- ten ,100,100,100,"Deutsche Bahn Aktiengesellschaft, Berlin "
235,"Deutsche Bahn France Voyages & Tourisme SAS, Paris/Frankreich ",Vermarktung von Personenverkehrs -leistungen sowie Vermittlung und Veranstaltung von Reisen ,153,153,100,"DB France Holding SAS, Gennevilliers Cedex "
236,"Deutsche Bahn Iberica Holding S.L., Barcelona/Spanien ",Holding- gesellschaft ,18.397.10418.40 3.104 ,18.397.10418.40 3.104 ,100,"DB Mobility Logistics AG, Berlin "
237,"Deutsche Bahn Stiftung gGmbH, Berlin ",Ideelle und materielle Förderung der Allgemeinheit ,100,100,100,"DB Mobility Logistics AG, Berlin "
238,"Deutsche Gesellschaft zum Bau und Betrieb von Endlagern für Abfallstoffe mbH (DBE), Peine ","Planung, Bau und Betrieb von An- lagen zur Sicher- stellung und zur Endlagerung von radioaktiven Ab- fällen nach § 9 Abs. 3 AtG sowie von Anlagen zur Endlagerung sonstiger Abfälle ",2.812.105 ,703.026,25,Energiewerke Nord GmbH 
239,"Deutsche Industrieholz GmbH, Essen ","Handel mit Holz, Grubenholz für Bergbau, Be- und Verarbeitung von Holz ",500.000356.622 ,275.000196.142 ,55,"Stinnes Holz GmbH, Essen "
240,"Deutsche Pfandbriefbank AG, München ",Kreditinstitut ,380.376.060 ,380.376.060 ,100,"Hypo Real Estate Holding AG, München "
241,"Deutsche TRANSFESA GmbH Internationale Eisenbahn-Spezial- Transporte, Kehl ","Durchführung kaufmännischer Geschäfte, inbes. von Transporten ",511.292,511.292,100,"Transportes Ferroviarios Especiales S.A., Madrid "
242,"Deutsche Umschlaggesellschaft Schiene-Straße (DUSS) mbH, Bodenheim ",Förderung und Kooperation Schiene-Straße im Umschlagbereich ,1.300.000 ,975.000 162.500 ,"75 12,5 ","DB Netz AG, Frankfurt/Main DB Mobility Logistics AG, Berlin "
243,"DFS Energy GmbH, Langen ","Erzeugung von Strom, Wärme, Dampf und Kälte sowie die Versorgung des Paul-Ehrlich- Instituts, Umwelt- bundesamts und der DFS Deutsche Flugsicherung GmbH mit den erzeugten Medien ",5.000.000 ,5.000.000 ,100,"DFS Deutsche Flugsicherung GmbH, Langen "
244,"Doerpener Umschlaggesellschaft für den kombinierten Verkehr mbH (DUK), Dörpen ","Errichtung, Finanzierung, Betrieb einer öffentl. Umschlaganlage ",700.000 DM ,245.000 DM ,35,"DB Intermodal Services GmbH, Mainz "
245,"DP Schenker, Kievv. Bilohorodka/Ukraine ",Transport & Logistik ,53.826.572 UAH ,53.826.572 UAH ,100,"DB Mobility Logistics AG, Berlin "
246,"D-Trust GmbH, Berlin Deutschland ","Entwicklung, Herstellung, Lieferung und Vertrieb von Produkten und Dienstleistungen im Bereich der Informations- technologie, insb. im Bereich der Dokumentensiche r-heit durch den Einsatz digitaler Signaturen ",100,100,100,"Bundesdruckerei GmbH, Berlin "
247,"DUSS Italia Terminal s.r.l., Verona/Italien ",Betriebsführung von Umschlag- terminals im kombinierten Verkehr ,100,80,80,"Schenker Italiana S.p.A., Peschiera Borromeo "
248,"DVA Deutsche Verkehrs-Assekuranz- Vermittlungs GmbH, Bad Homburg ",Risikomanage- ment und Versicherung für die Deutsche Bahn AG und deren Töchter ,1.500.000 ,975,65,"DB Mobility Logistics AG, Berlin "
249,"DVA Marine Re S.A., Luxemburg/Luxemburg ",Vornahme sämtlicher Geschäfte auf dem Gebiet der Rückversicherung in all ihren Bereichen im In- und Ausland ,3.500.000 ,3.500.000 ,100,"DVA Deutsche Verkehrs- Assekuranz- Vermittlungs-GmbH, Bad Homburg vor der Höhe "
250,"DVA REINSURANCE LIMITED, Dublin/Irland ",Versicherungs- makler und Risikomanagment ,650,650,100,"DVA Deutsche Ver- kehrs-Assekuranz- Vermittlungs- GmbH, Bad Homburg "
251,"ELAG Emder Lagerhaus und Automotive GmbH, Emden ","Entwicklung, Organisation und Realisierung von nat. und internationalen Fracht-, Umschlags- und Lagergeschäften ",1.055.000 ,1.055.000 ,100,"EVAG Emder Verkehrs und Automotive Gesellschaft mbH, Emden "
252,"Elevator-Gesellschaft mbH, Hannover ","Entlöschung, Verwiegung und Überladung von Getreide, Saaten, Hülsenfrüchten und Futtermitteln ",400.000 DM ,200.000 DM ,50,"Stinnes Handel GmbH& Co. Beteiligungs OHG, Mühlheim/Ruhr "
253,"ELSPED Speditions- Gesellschaft m.b.H., Hamburg ",Speditions- geschäfte ,55,55,100,"Schenker Aktiengesellschaft, Essen "
254,Emirates German Security Printing L.L.C ,Produktion und Vermarktung von ID-Lösungen für die Vereinigten Arabischen Emirate und andere Länder im Nahen Osten ,411.949,201.855,49,Bundesdruckerei GmbH 
255,"EMPRESA DE BLAS Y CIA COMPANIA S.LA., Madrid/Spanien ",Personenverkehr ,1.202.024 ,1.202.024 ,100,"ESFERA UNIVERSAL S.L., Madrid "
256,"ESFERA BUS SLUS.L., Madrid/Spanien ",Personenverkehr ,123.686,123.686,100,"ESFERA UNIVERSAL SLUS.L., Madrid "
257,"ESFERA UNIVERSAL SLUS.L., Madrid/Spanien ",,18.740.600 ,18.740.600 ,100,"Arriva International Limited, SunderlandARRIVA SPAIN HOLDING S.L., Madrid "
258,"Estacion de autobuses de Ferrol S.A., Ferrol/Spanien ",Transportunter- stützende Gesellschaft ,60.101,48.165,"80,14 ","Arriva Noroeste s.l., Ferrol "
259,"Etihad Rail DB Operations LLC, Abu Dhabi/VAE ",,300.000 AED ,147.000 AED ,49,"DB Schenker Rail (UK) Limited, Doncaster "
260,"Euro Cargo Rail SAS, Paris/Frankreich ",Schienen- güterverkehr ,63.399.222 ,63.399.222 ,100,"DB France Holding SAS, Gennevilliers Cedex "
261,"Eurocare Travel Ltd, Sunderland/ Großbritannien ",Personenverkehr ,40.000 GBP ,40.000 GBP ,100,"Arriva (2007) Limited, Sunderland "
262,"EVAG Emder Verkehrs und Automotive Gesellschaft mbH, Emden ","Entwicklung, Organisation und Realisierung von nationalen und internationalen Fracht-, Umschlags- und Lagergeschäften ",1.534.000 ,1.534.000 ,100,"Schenker AG, Essen "
263,"Express Air Systems GmbH (EASY), Kriftel ",Gestaltung und Vertrieb eines Expressfracht- verkehrs in Form eines kombinierten Boden-/Luftfracht- Transports ,180.000 DM ,90.000 DM ,50,"Schenker Aktiengesellschaft, Essen "
264,"EXTRA.TO S.c.a.r.l., Torino/Italien ",Bietgesellschaft ,100,30.01,"30,01 ","SADEM-SOCIETA PER AZIONI, Torino "
265,"Facility Plus B.V., Tilburg/Niederlande ",Immobilien- gesellschaft ,90.756,90.756,100,"Schenker Nederland B.V.,Tilburg "
266,"FCS Flight Calibration Services GmbH, Braunschweig ",Flugvermessung von Navigations- anlagen ,400.000 DM ,220.000 DM ,55,"DFS Deutsche Flugsicherung GmbH, Langen "
267,"Fertrans AG, Buchs SG ","Vermittlung und Durchführung von Speditions-, Fracht- und Lageraufträgen ",500.000 CHF ,500.000 CHF ,100,"DB Schweiz Holding AG, Zug "
268,"Finanzierungs- und Beratungsgesellschaft (FuB), Berlin ",Abwicklung von Währungs- und vereinigungsbe- dingte Sonderauf- gaben ,5.112.919 ,5.112.919 ,100,"KfW Beteili- gungsholding GmbH, Bonn "
269,"Flint Nominees Ltd, London ",Finanzdienstleistu ngsinstitut (§ 1 Abs. 1a KWG) ,5.268.000 GBP ,5.268.000 GBP ,100,FMS-WM 
270,"FMS Wertmanagement Service GmbH, München ",Anbieter von Nebendienst- leistungen ,50,50,100,FMS-WM 
271,"FSN Fahrzeugservice Neunkirchen GmbH, Neunkirchen ",Betrieb einer Werkstatt für Omnibusse und sonstige Fahr- zeuge am Standort der Neunkircher Verkehrs-AG ,50,23.75,"47,5 ","Saar-Pfalz-Bus GmbH, Saarbrücken "
272,"Gardermoen Perishables Center AS, Gardermoen/Norwegen ",Terminalgesell- schaft ,1.020.000 NOK ,339.660 NOK ,"33,3 ","Schenker AS, Oslo "
273,"GCRC Holdings Limited, YorkSunderland/ Großbritannien ",,100.000 GBP ,100.000 GBP ,100,"Arriva UK Trains Limited, Sunderland "
274,"GESA Gesellschaft zur Entwicklung und Sanierung von Altstandorten mbH, Berlin2) ",,100,100,100,Bundesanstalt für Immobilienaufgaben (bis 31.12.2013 Bundesanstalt für vereinigungs- bedingte Sonderaufgaben) 
275,Gesellschaft zur Beteiligungsverwaltung GZBV mbH & Co. KG ,"Halten von Beteiligungen, insb. Aktien der Airbus Group N.V. ",85.709.822 ,72.265.159 ,"84,31 ","Kreditanstalt für Wiederaufbau (KfW), Frankfurt/Main "
276,"GfI - Gesellschaft für Immobilienentwicklung und -verwaltung mbH i.L., Stuttgart ",Gesellschaft befindet sich in Abwicklung – keine operativen Tätigkeiten mehr ,52,52,100,"Deutsche Pfandbriefbank AG, München "
277,"GIZ-Festo Training Services L.L.C, Riad, Saudi-Arabien ","Dienstleistungen im Bereich der Berufs-, Aus- und Weiterbildung (aufgrund ausstehender Eintragungen war Gesellschaft zum 31.12.14 noch nicht aktiv) ",500.000 SAR ,251.000 SAR ,51,Deutsche Gesellschaft für Internationale Zusammenarbeit (GIZ) GmbH 
278,"Grand Central Railway Company Limited, YorkSunderland/ Großbritannien ",,"100.000,10 GBP ","100.000,10 GBP ",100,"Arriva UK Trains Limited, Sunderland "
279,"GroupEAD Europe S.L., Madrid/Spanien ",Betreiben einer europäischen Flugdatenbank ,1.000.000 ,360,36,"DFS Deutsche Flugsicherung GmbH, Langen "
280,"Halmstadsakarnas Fastighets AB, Halmstad/Schweden ",,5.044.000 SEK ,1.585.834 SEK ,"31,44 ","Schenker Filen 8 Aktiebolag, Göteborg "
281,"Hanekamp Busreisen GmbH, Cloppenburg ",Personenbeförde- rung mit Kfz im Linienverkehr ,78,78,100,"Weser-Ems Busverkehr GmbH (WEB), Bremen "
282,"HANGARTNER Terminal AG, AarauZürich ",,1.000.000 CHF ,1.000.000 CHF ,100,"Schenker Schweiz AG, Zürich "
283,"HANGARTNER Terminal S.r.l., Verona ",Transport & Logistik ,517,517,100,"DB Mobility Logistics AG, Berlin "
284,"Hansa Rail GmbH i.L., Mainz ",Vermarktung von Bahnleistungen im konventionellen Wagenladungsver kehr ,205,102.5,50,"DB Schenker Rail Aktiengesellschaft, Mainz "
285,"Herber Hausner Szállitmányozási Kft., Vesces ",Spedition ,49.000.000 HUF ,49.000.000 HUF ,100,"DB Hungaria Holding Kft., Budapest "
286,"Hypo Pfandbrief Bank International S.A., Luxemburg ",Kreditinstitut ,1.000.000 ,1.000.000 ,100,"DEPFA Bank plc, Dublin "
287,"Hypo Property Investment Ltd., London ",Finanzunternehm en (§ 1 Abs. 3 KWG) ,200.000 GBP ,200.000 GBP ,100,"Flint Nominees Ltd, London "
288,"Hypo Property Services Ltd, London ",Finanzunternehm en (§ 1 Abs. 3 KWG) ,100.000 GBP ,100.000 GBP ,100,"Flint Nominees Ltd, London "
289,"Hypo Public Finance Bank puc, Dublín ",Kreditinstitut ,514.900.000 ,514.900.000 ,100,"DEPFA Bank plc, Dublin "
290,"Hypo Real Estate Capital Corp., New York ",Finanzdienstleistu ngsinstitut (§ 1 Abs. 1a KWG) ,411.500.000 USD ,411.500.000 USD ,100,FMS-WM 
291,"Hypo Real Estate Capital India Corporation Private Ltd i.L., Mumbai ",Gesellschaft befindet sich in Abwicklung/keine operative Tätigkeit mehr ,26.715.000 INR ,26.715.000 INR ,100,"Deutsche Pfandbriefbank AG, München "
292,"Hypo Real Estate Capital Japan Corporation, Tokio ",Kreditvermittler/ gewerbliche Immobilienfinanz- ierung auf dem jap. Markt ,30.000.000.000 JPY ,30.000.000.000 JPY ,100,"Deutsche Pfandbriefbank AG, München "
293,"Hayabusa Godo Kaisha, Tokio ","Erwerb, Entwicklung, Verwertung, Vermittlung und Verwaltung von Grundstücken (Rettungserwerb) ",70.000.000 JPY ,70.000.000 JPY ,100,"Hypo Real Estate Capital Japan Corporation, Tokio "
294,"Hypo Real Estate International Trust I, Wilmington, Delaware ",Vehikel zur Ausgabe von Hybrid Anleihen ,50,50,100,"Deutsche Pfandbriefbank AG, München "
295,"I.M. „Moldromukrtrans“ S.R.L., Chisinau/Moldawien ",,3.900.000 MDL ,1.299.870 MDL ,"33,33 ","Schenker Romtrans S.A., Bukarest "
296,"IMMO Immobilien Management GmbH & Co. KG, München ","Anbieter von Nebendienst- leistungen (Verwaltung eigenen Vermögens, einschl. Erwerb, Halten und Veräußern von Beteiligungen ",28.723.500 ,28.723.500 ,100,"Deutsche Pfandbriefbank AG, München "
297,"Infra Silesia S.A., Rybnik/Polen ",Landtransport ,1.442.000 PLN ,1.442.000 PLN ,100,"DB Schenker Rail Polska S.A., Zabrze "
298,"Intercambiador de Transportes Principe PIO S.A., Madrid/Spanien ",Personenverkehr ,13.250.000 ,3.975.000 ,30,"EMPRESA DE BLAS Y CIA S.L., Madrid "
299,"INTERCONTAINER - INTERFRIGO SA i.L., Basel/Schweiz ",Organisation und Entwicklung von kombinierten Transporten unter geregelter Temperatur ,18.300.000 ,3.089.040 1.712.880 214.110 1.712.880 ,"16,88 9,36 1,17 9,36 ","DB Schenker Rail Aktiengesellschaft, Mainz DB Schenker Rail Nederland N. V., Utrecht DB Schenker Rail Scandinavia A/S, Taastrup DB Schenker Rail (UK) Limited, Doncaster "
300,"Intertec Beteiligungs- GmbH, Landau ",Handel mit technischen und verwandten Produkten aller Art ,5.000.000 ,5.000.000 ,100,"DB Mobility Logistics AG, Berlin "
301,"INTERTEC Polska Sp. zo.o., Warschau/Polen ",Sortimente ,504.000 PLN ,504.000 PLN ,100,"Intertec Beteiligungs- GmbH, Landau "
302,"Intreprinderea Mixta “S.C. Schenker” S.R.L., Chisinau/Modawien ",,258.000 USD ,250.805 USD ,"97,2112 ","Schenker Romtrans S.A., Bukarest "
303,"Joyau S.A., Montaigu Cedex/Frankreich ",Nationaler Landverkehr ,322.276,322.092,"99,9429 ","Schenker SA, Gennevilliers "
304,"Kahlgrund-Verkehrs- GmbH, Schöllkrippen ",Betrieb der Eisenbahn zwischen Kahl (Main) und Schöllkrippen zum Zweck der Beförderung von Personen und Gütern ,6.574.000 DM ,1.840.720 DM ,28,"DB Regio Aktiengesellschaft, Frankfurt/Main "
305,"KfW Beteiligungsholding GmbH, Bonn ",Erwerb und Halten von Beteiligungen an anderen Kapi- talgesellschaften ,325.000.000 ,325.000.000 ,100,"Kreditanstalt für Wiederaufbau (KfW), Frankfurt/Main "
306,"KfW IPEX-Bank GmbH, Frankfurt/Main ",Betrieb von Kredit- und Garantiege- geschäften im In- teresse der deutschen und europäischen Wirtschaft (gegründet 03/07) ,1.100.000.000 ,1.100.000.000 ,100,"KfW IPEX- Beteiligungs- holding GmbH, Frankfurt/Main "
307,"KfW IPEX- Beteiligungsholding GmbH, Frankfurt/Main ",Erwerb und Halten von Beteiligungen an anderen Kapitalgesell- schaften ,2.560.000 ,2.560.000 ,100,"Kreditanstalt für Wiederaufbau (KfW), Frankfurt/Main "
308,"Kiinteistö Oy Helsingin Metsäläntie 2-4, Helsinki/Finnland ",,6.727.517 ,6.727.517 ,100,"Oy Schenker East AB, Helsinki "
309,"Kiinteistö Oy Porin Kiitolinja, Pori/Finnland ",Immobilien- gesellschaft ,63,63,100,"Oy Schenker East AB, Helsinki "
310,"Kiinteistö Oy Reininkatu 9, Vaasa/Finnland ",Immobilien- gesellschaft ,422.5,422.5,100,"Oy Schenker East AB, Helsinki "
311,"Kiinteistö Oy Seinäjoen Kiitolinja-asema, Seinäjoki/Finnland ",Immobilien- gesellschaft ,122.4,122.4,100,"Oy Schenker East AB, Helsinki "
312,"Kiinteistö Oy Turun Nosturinkatu 6, Turku/Finnland ",Immobilien- gesellschaft ,1.901.790 ,1.901.790 ,100,"Oy Schenker East AB, Helsinki "
313,"Kiinteistömaaliikenne Oy, Helsinki/Finnland ",Immobilien- gesellschaft ,2.475.000 ,1.353.825 ,"54,7 ","Oy Schenker East AB, Helsinki "
314,"KM S.P.A., Cremona/Italien ",,2.370.000 ,1.161.300 ,49,"S.A.B. AUTOSERVIZI S.R.L., Bergamo "
315,"KOB GmbH, Oberthulba ","Personenbeförde- rung mit Kfz im Linienverkehr ein- schließlich des nicht genehmi- gungspflichtigen Verkehrs, im Ge- legenheitsverkehr ",300,210,70,"Omnibusverkehr Franken GmbH (OVF), Nürnberg "
316,"Kombiverkehr Deutsche Gesellschaft für kombinierten Güterverkehr mbH & Co. KG, Frankfurt/Main ",Organisation und Durchführung von Transporten von Lastfahrzeugen und Behältern auf der Schiene ,7.386.500 ,32.000 16.000 3.789790.000 16.000 16.000 16.000 16.000 ,"0,43324 0,21662 51,3098 0,21662 0,21662 0,21662 0,21662 ","Schenker Aktiengesellschaft, Essen BTL Nord GmbH, Lübeck DB Mobility Logistics AG, Berlin DB Schenker BTT GmbH, Mainz HANGARTNER Terminal AG, Aarau SCHENKER BETEILIGUNGS GmbH & Co. OHG, Mühlheim/Ruhr Transa Spedition GmbH, Offenbach "
317,"Kreisbahn Aurich GmbH, Aurich ",Betrieb von Kraftfahrlinien sowie Gelegenheits- verkehr mit Omnibussen ,1.935.000 DM ,644645.999 000 DM ,"33,3333 ","Weser-Ems Busverkehr GmbH (WEB), Bremen "
318,"Langtradaren i Jämtland AB, Göteborg/Schweden ",Immobilien- gesellschaft ,1.600.000 SEK ,1.600.000 SEK ,100,"Schenker Property Sweden AB, Göteborg "
319,"LGP Lagerhaus- gesellschaft Pfullendorf mbH i.L., Pfullendorf ","Gewinnorientierte Dienstleistungen im Umschlag-, Kommissionier- und Lagerbereich ",154,100.1,65,"TGP Terminalgesell- schaft Pfullendorf GmbH, Pfullendorf "
320,LHD Group GmbH ,,500,500,100,"LH Bundeswehr- Bekleidungsge- sellschaft mbH, Köln "
321,"LMG2, LLC Wilmington/ Virginia ",Beteiligungs- gesellschaft mit überwiegend nicht finanziellem Anteilsbesitz ,1.000.000 USD ,250.000 USD ,25,"Upgrade 1 LLC, Wilmington/Delawar e "
322,"Loadhaul Ltd, Doncaster/ Großbritannien ",Schienen- güterverkehr ,7.000.000 GBP ,7.000.000 GBP ,100,"Boreal & Austral Railfreight Ltd, Doncaster "
323,"Logística Sanmival S.L., Aduana Burgos/Spanien ",,210,157.5,75,"Transportes Ferroviarios Especiales, S.A., Madrid "
324,"Lokomotion Gesellschaft für Schienentraktion mbH, München ","Entwicklung, Pla- nung, Erprobung, Vermarktung und Durchführung von Schienentraktions- leistungen ",2.600.000 ,780,30,"DB Schenker Rail Aktiengesellschaft, Mainz "
325,"London and North Western Railway Company Limited, Sunderland/ Großbritannien ",Schienen- personenverkehr ,7.757.204 GBP ,7.757.204 GBP ,100,"Arriva UK Trains Limited, Sunderland "
326,"Luxemburger Transport Logistik Diekirch S.A., Wilwerdange/ Luxemburg ",,53.785,53.785,100,"SCHENKER N.V., Antwerpen "
327,"M40 Trains Limited, LondonSunderland/Gro ßbritannien ",Holding- gesellschaaft ,376.310311 GBP ,376.311 GBP ,100,"DB Regio UK Limited, LondonArriva Trains Holdings Limited, Sunderland "
328,"Mainline Freight Ltd, Doncaster/Großbritanni en ",Schienen- güterverkehr ,8.600.000 GBP ,8.600.000 GBP ,100,"Boreal & Austral Railfreight Ltd, Doncaster "
329,"Marcroft Holdings Ltd, Doncaster/ Großbritannien ",Holding- gesellschaft ,140.000 GBP ,140.000 GBP ,100,"Railway Investments Ltd, Doncaster "
330,"Maurer Electronics GmbH, München Deutschland ","Entwicklung, Planung und Vertrieb von elektronischen und feinmech. Geräten ",70,70,100,"Bundesdruckerei GmbH, Berlin "
331,"Mataki Kemi AB, Malmö ",,10.000.000 SEK ,10.000.000 SEK ,100,"Stinnes Logistics GmbH, Mühlheim/Ruhr "
332,MDL Distribución y Logistica S.A. Madrid/Spanien ,Lagerung von Transporten ,120,120,100,"Transfesa Ferroviarios Especiales S.A., Madrid "
333,"MegaHub Lehrte Betreibergesellschaft mbH, Hannover ",Betreiben einer öffentlichen Um- schlaganlage für den kombinierten Verkehr in Lehrte ,1.200.000 ,900,75,"Deutsche Umschlag- ges. Schiene - Straße (DUSS) mbH, Bodenheim "
334,"Merseyside Transport Limited, Sunderland/ Großbritannien ",Mantelgesellschaft ,900.000 GBP ,900.000 GBP ,100,"Arriva Motor Holdings Limited, Sunderland "
335,"Mitteldeutsche Eisenbahn GmbH, Merseburg ",Durchführung schienengebun- dener Logistik- dienstleistungen in und zwischen An- schlussbahnbe- trieben ,100,80,80,"DB Schenker Rail Aktiengesellschaft, Mainz "
336,"Moor-dale Coaches Limited, Sunderland/ Großbritannien ",Personenverkehr ,500.000 GBP ,500.000 GBP ,100,"TGM (Holdings) Limited, Sunderland "
337,"MTL Services Limited, Sunderland/ Großbritannien ",Holding- gesellschaft ,12.000.0008.679 .776 GBP ,12.000.0008.679 .776 GBP ,100,"Arriva Plc, Sunderland "
338,"Network Colchester Limited, Sunderland/ Großbritannien ",Personenverkehr ,335.000 GBP ,335.000 GBP ,100,"TGM (Holdings) Limited, Sunderland "
339,"Nitravel s.r.o., Nitra/Slowakei ",,190.309,190.309,100,"Arriva Nitra a.s., Nitra "
340,"NordCargo S.r.I., Mailand/Italien ",Durchführung und/oder Vermarktung von Schienengüter- verkehr ,3.000.100 ,1.800.060 ,60,"DB Schenker Rail Italia s.r.I., Novate Milanese "
341,"Northern Spirit Limited, Sunderland/ Großbritannien ",Mantelgesellschaft ,325.000 GBP ,325.000 GBP ,100,"Arriva Motor Holdings Limited, Sunderland "
342,"Northern Spirit Trains Limited, Sunderland/Großbritan nien ",Mantelgesellschaft ,3.500.000 GBP ,3.500.000 GBP ,100,"Arriva Motor Holdings Limited, Sunderland "
343,"NSH Nahverkehr Schleswig-Holstein GmbH, Kiel ",Erstellung trans- parenter und zeit- naher Abrech- nungen über Ein- nahmen der Ge- sellschafter aus dem SH-Tarif ,50,12.250 11.200 ,"24,5 22,4 ","Autokraft GmbH, Kiel DB Regio Aktiengesellschaft, Frankfurt/Main "
344,"NV Personeel de Noord-Westhoek, Heerenveen/ Niederlande ",Personal- dienstleistungen ,1.815.121 ,1.815.121 ,100,"Arriva Personenvervoer Nederland BV, Heerenveen "
345,"NVO Nahverkehr Ostwestfalen GmbH, Münster/Westfalen ",Personenbeförde- rung mit Kfz im Linienverkehr ,150,150,100,"BVO Busverkehr Ostwestfalen GmbH, Bielefeld "
346,"Omfesa Logistica S.A., Madrid/Spanien ",,2.000.00060.000 ,1.000.00030.000 ,50,"Transportes Ferroviarios Especiales S.A., Madrid "
347,"Omnibusverkehr Franken GmbH (OVF), Nürnberg ",Personenverkehr mit Kfz im Linien- und Gelegenheits- verkehr ,3.580.000 ,3.580.000 ,100,"DB Regio Aktiengesellschaft, Frankfurt/Main "
348,"ORN Omnibusverkehr Rhein-Nahe GmbH, Mainz1)3) ",Personenverkehr mit Kfz im Linien- und Gelegen- heitsverkehr ,3.580.000 ,3.580.000 ,100,"DB Regio Aktiengesellschaft, Frankfurt/Main "
349,"Oy Schenker East AB, Helsinki/Finnland ","Spedition, Trans- port, Lagerhaltung, Logistik und ver- wandte Dienst- leistungen ",16.820.000 ,16.820.000 ,100,"DB Mobility Logistics AG, Berlin "
350,"Panturist Dionicko drustvo za prijevoz putnika i tutizam d.d., Osijek/Kroatien ","Handel mit Kraftwagen, Instandhaltung und Reparatur von Kraftwagen etc., Großhandel, Einzelhandel, Personenbeförder ung, Spedition ",23.768.800 HRK ,23.695.117 HRK ,"99,69 ","Arriva Hrvatska d.o.o., Osijek "
351,"Pickerings Transport Services Limited, Sunderland/ Großbritannien ",Produktions- gesellschaft ,1.244.500 GBP ,1.244.500 GBP ,100,"Arriva (2007) Limited, Sunderland "
352,"PKV Planungsgesellschaft kombinierter Verkehr Duisburg mbH, Duisburg ","Planung, Errich- tung und Betrieb eine öffentl. Um- schlaganlage in Duisburg-Ruhrort- Hafen ",102.26,51.13,50,"DB Mobility Logistics AG, Berlin "
353,"Precision National Plating Services, Inc., Tarrytown NY/USA ",Mantelgesellschaft ,5.542.000 USD ,5.542.000 USD ,100,"DB US Holding Corporation, Tarrytown "
354,"Premier Buses Ltd, Sunderland/ Großbritannien ",Personenverkehr ,2.000.000 GBP ,2.000.000 GBP ,100,"Arriva the Shires Limited, Sunderland "
355,"PROBO BUS a.s., Kraluv Dvur/Tschechien ",Personenverkehr ,10.000.000 CZK ,10.000.000 CZK ,100,"DB Czech Holding s.r.o., Rudna "
356,"PT REAL, spol. s.r.o., Kraluv Dvur ",Service- gesellschaft ,20.000.000 CZK ,20.000.000 CZK ,100,"Arriva Services a.s., Kraluv Dvur "
357,"Ragnarök Vermögensverwaltung AG & Co. KG, München ","Anbieter von Nebendienst- leistungen: Verwaltung eigenen Vermögens, einschließlich Erwerb, Halten und Veräußern von Beteiligungen sowie von Immobilien ",100,94.000 6000 ,94 6 ,"Deutsche Pfandbriefbank AG, München Immo Invest Real Estate GmbH, München "
358,"Rail Express Systems Ltd, Doncaster/ Großbritannien ",Schienen- personenverkehr ,11.762.000 GBP ,11.762.000 GBP ,100,"RES December Ltd, Doncaster "
359,"Rail Service Center Rotterdam B. V., Rotterdam/Niederlande ",,2.502.500 ,2.502.5001.276. 275 ,10051,"DB Schenker Rail Nederland N. V., Utrecht "
360,"RailLink B.V., Amsterdam/ Niederlande ","Betreiben, Betreuen, Entwickeln und Pflegen einer derzeit entstehenden IT- Lösung ",750,187.5,25,"DB Fernverkehr Aktiengesellschaft, Frankfurt/Main "
361,"RBH Logistics GmbH, Gladbeck ","Erbringung, Vermarktung und Vertrieb von Logistikdienst- leistungen ",511.3,511.3,100,"DB Schenker Rail Aktiengesellschaft, Mainz "
362,"RBO Regionalbus Ostbayern GmbH, Regensburg ",Personenbeför- derung mit Kfz im Linien- und Gele- genheitsverkehr ,3.580.000 ,3.580.000 ,100,"DB Regio Aktiengesellschaft, Frankfurt/Main "
363,"RDS bus s.r.o., Babylon ",Personenbeförde- rung im Straßen- verkehr und öffentlichen Linienverkehr ,2.072.000 CZK ,2.072.000 CZK ,100,"RBO Regionalbus Ostbayern GmbH, Regensburg "
364,"Regional Bus Stuttgart GmbH, RBS, Stuttgart ",Personenbeför- derung im Linien- und Gelegenheits- verkehr ,4.091.000 ,4.091.000 ,100,"DB Regio Aktiengesellschaft, Frankfurt/Main "
365,"Regionalbus Braunschweig GmbH – RBB, - Braunschweig ",Personenbeförde- rung mit Kfz im Linien- und Gele- genheitsverkehr ,3.580.000 ,3.580.000 ,100,"DB Regio Aktiengesellschaft, Frankfurt/Main "
366,"Regionalverkehr Allgäu GmbH (RVA), Oberstdorf ",Personenbeför- derung mit Kfz im Linienverkehr ,410,287,70,"Regionalverkehr Oberbayern Gesellschaft mit beschränkter Haftung, München "
367,"Regionalverkehr Kurhessen GmbH, (RKH), Kassel1)3) ",Personenbeför- derung mit Kfz im Linienverkehr ,4.602.000 ,4.602.000 ,100,"DB Regio Aktiengesellschaft, Frankfurt/Main "
368,"Regionalverkehr Oberbayern Gesellschaft mit beschränkter Haftung, München 1)3) ",Personenbeför- derung mit Kfz ,3.580.000 ,3.580.000 ,100,"DB Regio Aktiengesellschaft, Frankfurt/Main "
369,"Regio-Verkehrsverbund Freiburg GmbH (RVF), Freiburg ",Die Gesellschaft nimmt für das Ver- bundgebiet Auf- gaben einer Ver- kehrskooperation nach § 9 ÖPNVG Baden-Württem- berg wahr ,62,15.500 12.400 ,25 20 ,"DB Regio Aktiengesellschaft, Frankfurt/Main SBG SüdbadenBus GmbH, Freiburg im Breisgau "
370,"Rengaslinja Oy, Helsinki/Finnland ",Lagerung und Logistik ,84.5,84.5,100,"Oy Schenker East AB, Helsinki "
371,"Rheinpfalzbus GmbH, Ludwigshafen ",Personen- beförderung mit Kraftfahrzeugen (überwiegned Omnibussen) im Linienverkehr ,175,175,100,"BRN Busverkehr Rhein-Neckar GmbH, Mannheim "
372,"RIVIERA TRASPORTI LINEA S.P.A., Imperia/Italien ",,120,96,80,"Arriva Italia s.r.l., Milano "
373,"RMV Rhein-Mosel Verkehrsgesellschaft mbH, Koblenz1)3) ",Personenbeför- derung mit Kfz im Linien- und Gele- genheitsverkehr ,3.580.000 ,2.681.420 ,"74,9 ","DB Regio Aktiengesellschaft, Frankfurt/Main "
374,"RVE Regionalverkehr Euregio Maas-Rhein GmbH, Aachen ","Personenbeförde- rung mit Kfz im Linienverkehr einschl. des nicht genehmigungspfl. Verkehrs, im Ge- legenheitsverkehr ",500,500,100,"BVR Busverkehr Rheinland GmbH, Düsseldorf "
375,"RVN Regionalverkehr Niederrhein GmbH, Wesel ","Personenbeförder ung mit Kfz im Linienverkehr einschl. des nicht genehmigungspfl. Verkehrs, im Gelegenheits- verkehr ",50,50,100,"BVR Busverkehr Rheinland GmbH, Düsseldorf "
376,"RVS Regionalbusverkehr Südwest GmbH, Karlsruhe1)3) ",Personenbeför- derung mit Kfz im Linien- und Gele- genheitsverkehr ,4.091.000 ,4.091.000 ,100,"DB Regio Aktiengesellschaft, Frankfurt/Main "
377,"S.A.B. AUTOSERVIZI S.R.L., Bergamo/Italien ",Personenverkehr ,10.000.000 ,10.000.000 ,100,"Arriva Italia s.r.l., Milano "
378,"S.A.L. Servizi automobilistici Lecchesi S.R.L., Lecco/Italien ",Personenverkehr ,2.550.000 ,2.550.000 ,100,"Arriva Italia s.r.l., Milano "
379,"S.I.A. Societa Italiana Autoservizi S.P.A., Brescia/Italien ",Personenverkehr ,12.000.000 ,12.000.000 ,100,"Arriva Italia s.r.l., Milano "
380,"Saarländische Nahverkehrs-Service GmbH, Völklingen ",Koordinierung von verbundbezog- enen Aufgaben des öffentlichen Personennah- verkehrs ,60,15.000 10.000 ,"3025 16,67 ","Saar-Pfalz-Bus GmbH, Saarbrücken DB Regio Aktiengesellschaft, Frankfurt am Main "
381,"Saar-Pfalz-Bus GmbH, Saarbrücken1)3) ",Personenbeförde- rung mit Kfz im Linien- und Gele- genheitsverkehr ,4.602.000 ,4.602.000 ,100,"DB Regio Aktiengesellschaft, Frankfurt/Main "
382,"SAB Piemonte S.r.l. a socio unico, Grugliasco (TO)/Italien ","Personenverkehr, Management- gesellschaft ",7.500.000 ,7.500.000 ,100,"Arriva Italia s.r.l., Milano "
383,"SADEM-SOCIETA’ PER AZIONI, Torino/Italien ",Personenverkehr ,2.080.000 ,2.080.000 ,100,"SAB Piemonte S.r.l. a socio unico, Grugliasco (TO) "
384,"SAIA TRASPORTI S.P.A., Brescia/Italien ",Personenverkehr ,5.700.000 ,5.700.000 ,100,"Arriva Italia s.r.l., Milano "
385,"S-Bahn Berlin GmbH, Berlin ",Erbringung und Vermarktung von Eisenbahnver- kehrsleistungen in Berlin und Umland ,76.694.000 ,76.694.000 ,100,"DB Regio Aktiengesellschaft, Frankfurt/Main "
386,"S-Bahn Hamburg GmbH, Hamburg ",Erbringung und Vermarktung von Eisenbahnver- kehrsleistungen in Hamburg und Um- land ,10.226.000 ,10.226.000 ,100,"DB Regio Aktiengesellschaft, Frankfurt/Main "
387,"SBG SüdbadenBus GmbH, Freiburg ",Personenbeförde- rung mit Kfz im Linien- und Gelegenheits- verkehr ,3.580.000 ,3.580.000 ,100,"DB Regio Aktiengesellschaft, Frankfurt/Main "
388,"Scanspol Sp.zo.o., Warschau ",Transport & Logistik ,577.600 PLN ,577.600 PLN ,100,"Schenker Sp.z o.o.,Warschau "
389,"Scantrans SAS, Gennevilliers- Cedex/Frankreich ",Transport & Logistik ,237.45,237.45,100,"Schenker SA, Gennevilliers "
390,"SCHENKER & Co. AG, Wien/Österreich ","Spedition, Transport, Lagerhaltung, Logistik und verwandte Dienstleistungen ",2.906.800 ,2.470.780 436.020 ,85 15 ,"Schenker Aktiengesellschaft, Essen Stinnes Handel GmbH & Co. Beteiligungs OHG Mülheim/Ruhr "
391,"Schenker (Asia Pacific) Pte. Ltd., Singapur/Singapur ",Transport & Logistik ,100.000 SGD ,100.000 SGD ,100,"Schenker Aktiengesellschaft, Essen "
392,"Schenker (H.K.) Ltd., Hong Kong/China ",Transport & Logistik ,6.000.000 HKD ,6.000.000 HKD ,100,"Schenker (Asia Pacific) Pte. Ltd., Singapur "
393,"Schenker (Ireland) Ltd., Shannon/Irland ",Speditions- dienstleistungen ,588.436,588.436,100,"DB Mobility Logistics AG, Berlin "
394,"Schenker (L.L.C), Dubai/VAE ","Betreiben von Schiffscharter und Reedereien, Dienstleistungen zum Be- und Entladen von Frachtgut ",4.000.000 AED ,2.400.000 AED ,60,"Schenker Middle East FZE, Dubai "
395,"Schenker (Lao) Sole Co., Ltd., Vientiane/Laos ","Agenturdienstleist ungen, Transport & Logistik ",1.000.000.000 LAK ,1.000.000.000 LAK ,100,"Schenker (Asia Pacific) Pte. Ltd., Singapur "
396,"Schenker (NZ) Ltd., Auckland/Neuseeland ",Verkehr ,200.100 NZD ,200.100 NZD ,100,"Schenker Holdings (NZ) Limited, Auckland "
397,"Schenker (Thai) Ltd., Bangkok/Thailand ",Transport & Logistik ,40.000.000 THB ,40.000.000 THB ,100,"Schenker (Thai) Holdings Ltd, Bangkok "
398,"Schenker A.E., Athen/Griechenland ","Durchführung jedweder Art inländischer und internationaler Beförderung von Handelswaren, Rohstoffen, Maschinen und Handelsgütern ",770.892572.040 ,770.892572.040 ,100,"DB Mobility Logistics AG, Berlin "
399,"Schenker A/S, Hvidovre/Dänemark ",Transport & Logistik ,60.001.000 DKK ,60.001.000 DKK ,100,"DB Danmark Holding ApS, Hvidovre "
400,"SCHENKER AB, Göteborg/Schweden ",Transport & Logistik ,143.000.000 SEK ,143.000.000 SEK ,100,"Schenker North & East AB, Göteborg "
401,"Schenker Akeri AB, Göteborg/Schweden ",Transport & Logistik ,2.000.000 SEK ,2.000.000 SEK ,100,"Schenker AB, Göteborg "
402,"Schenker Aktiengesellschaft, Essen ","Nationale und internationale Spedition zu Land, zu Wasser und zur Luft ",99.958.589 ,99.958.589 ,100,"DB Mobility Logistics AG, Berlin "
403,"Schenker Angola, Limitada, Luanda/Angola ",Transport- unternehmen ,10.000.000 AOA ,9.990.000 AOA ,"99,9 ",DB Mobility Logistics AG 
404,"Schenker Argentina S.A., Buenos Aires/Argentinien ",Transport & Logistik ,11.908.8967.158 .896 ARS ,11.908.8967.158 .896 ARS ,100,"Schenker Aktiengesellschaft, Essen "
405,"Schenker AS, Oslo/Norwegen ",Erschließung und Produktion von Transport und Logistik und anderen verwandten Dienstleistungen ,100.000.000 NOK ,100.000.000 NOK ,100,"DB Mobility Logistics AG, Berlin "
406,"Schenker Australia Pty. Ltd., Alexandria/Australien ","Spedition, Transport, Lagerhaltung, Logistik und verwandte Dienstleistungen ",92.830.004 AUD ,92.830.004 AUD ,100,"Schenker (Asia Pacific) Pte. Ltd., Singapur "
407,"Schenker BITCC Customs Broker (Beijing) Co. Ltd., Beijing/China ",Zollabfertigung ,1.500.000 CNY ,1.500.000 CNY ,100,"Schenker BITCC Logistics (Beijing) Co., Ltd., Beijing "
408,"Schenker BITCC logistics Logistics (Beijing) Co., Ltd., Bejing/China ",Transport & Logistik ,47.179.451 CNY ,33.025.616 CNY ,70,"Schenker International (HK) Ltd., Hong Kong "
409,"Schenker Business Services LLC, Moskau ",Speditions- dienstleistungen ,3.400.000 RUB ,3.400.000 RUB ,100,"Oy Schenker East AB, Helsinki "
410,"Schenker Cargo Oy, Turku ","Transport, Lagerung und andere logistische Dienstleistungen in Finnland und im Ausland ",8.847.650 ,8.847.650 ,100,"Oy Schenker East AB, Helsinki "
411,"Schenker Chile S.A., Santiago/Chile ",Transport & Logistik ,598.626.216 CLP ,598.446.628 CLP 179.588 CLP ,"99,97 0,03 ","Schenker Aktiengesellschaft, Essen Schenker Argentina S.A., Buenos Aires "
412,"Schenker China Ltd., Shanghai/China ",Speditions- leistungen ,6.307.450 USD ,6.307.450 USD ,100,"Schenker International (HK) Ltd., Hong Kong "
413,"Schenker Consulting AB, Göteborg/Schweden ",Transport & Logistik ,7.000.000 SEK ,7.000.000 SEK ,100,"Schenker AB, Göteborg "
414,"Schenker d.d., Ljubljana/Slowenien ",Sämtliche Spedi- tionsdienstleis- tungen ,1.553.368 ,1.553.368 ,100,"DB Mobility Logistics AG, Berlin "
415,"Schenker d.o.o., ZagrebRugvica/ Kroatien ","Straßentrans- porte, Lastum- ladung und das Lagern von Gegenständen ",2.358.700 HRK ,2.358.700 HRK ,100,"DB Mobility Logistics AG, Berlin "
416,"Schenker Dedicated Services AB, Göteborg/Schweden ",Transport und Logistik ,500.000 SEK ,500.000 SEK ,100,"BTL Schenker North & East AB, Göteborg "
417,"Schenker Deutschland AG, Frankfurt/Main ","Nationale und internationale Spedition zu Lande, Wasser und Luft ",51.129,51.129,100,"Schenker Aktiengesellschaft, Essen "
418,"Schenker Direct Production GmbH, Lübeck ",Spedition ,20.000.000 DM ,20.000.000 DM ,100,Schenker Aktiengesellschaft 
419,"Schenker Distribution Solutions, Inc., Paranaque City/Philippinen ",Internationale und inländische Luft- und Seefrachtspedition und Logistikdienst- leistungen ,20.300.000 PHP ,19.997.530 PHP ,"98,51 ","Schenker Philippines, Inc. Paranaque City "
420,"Schenker do Brasil Transportes Internacionais Ltda., Sao Paulo/Brasilien ","Spedition, Transport, Lagerhaltung, Logistik und verwandte Dienstleistungen ",1.156.103 BRL ,1.156.103 BRL ,100,"Schenker Aktiengesellschaft, Essen "
421,"Schenker Egypt Ltd., Kairo/Ägypten ","Löschung von Land-, Luft- und Seefrachtladung- en Verzollungs- service, Waren- lagerung, etc. ",2.000.000 EGP ,1.200.0001.999. 900 EGP 100 EGP ,"60100,0 0 0,00 ","Schenker Middle East FZE, Dubai Schenker Aktiengesellschaft "
422,"Schenker Equipment AB, Göteborg/Schweden ",Transport & Logistik ,561.041,561.041,100,"BTL Schenker North & East AB, Göteborg "
423,"Schenker Filen 8 Aktiebolag, Göteborg/Schweden ",Transport und Logistik ,500.000 SEK ,500.000 SEK ,100,"Schenker Property Sweden AB, Göteborg "
424,"SCHENKER FRANCE SAS, Montaigu/Frankreich ",Nationaler Landverkehr ,4.713.104 ,4.199.847 513.257 ,"89,11 10,89 ","Joyau S.A., Montaigu Schenker SA, Gennevilliers-Cedex "
425,"Schenker Holdings (NZ) Limited, Auckland/Neuseeland ",Holding- gesellschaft ,5.010.000 NZD ,5.010.000 NZD ,100,"Schenker (Asia Pacific) Pte. Ltd., Singapur "
426,"SCHENKER INDIA PRIVATE LIMITED, Neu Delhi/Indien ","Spedition, Transport, Lagerhaltung, Logistik und verwandte Dienstleistungen ",9.900.040 INR ,9.890.140 INR 9.900 ,"99,9991 00,00 0,000.0 01 ","Schenker Aktiengesellschaft, Essen Schenker Singapore (PTE) Ltd., International Forwarders "
427,"Schenker International (HK) Ltd., Hong Kong/China ","Spedition, Transport, Lagerhaltung, Logistik und verwandte Dienstleistungen ",1.000.000 HKD ,1.000.000 HKD ,100,"Schenker (Asia Pacific) Pte. Ltd., Singapur "
428,"Schenker International (Macau) Ltd., Macau/China ",Speditions- dienstleistungen ,1.000.000 MOP ,1.000.000 MOP ,100,"Schenker International (HK) Ltd., Hong Kong "
429,"Schenker International AB, Göteborg/ Schweden ",Holding- gesellschaft ,5.000.000 SEK ,5.000.000 SEK ,100,"Schenker Aktiengesellschaft, Essen "
430,"SCHENKER INTERNATIONAL AKTIENGESELLSCHA FT, Essen ",Keine Geschäfts- tätigkeit ,100.000 DM ,100.000 DM ,100,"Schenker Aktiengesellschaft, Essen "
431,"Schenker International B.V., Rotterdam/Niederlande ","Spedition, Transport, Lagerhaltung, Logistik und verwandte Dienstleistungen ",2.267.993 ,2.267.993 ,100,"Schenker Nederland B.V., Tilburg "
432,"Schenker International S.A. de C.V., Mexiko/Mexiko ","Spedition, Transport, Lagerhaltung, Logistik und verwandte Dienstleistungen ",147.216.289 MXN ,147.216.289 MXN ,100,"Schenker Aktiengesellschaft, Essen "
433,"Schenker Ireland Holding Limited, Dublin ",Finanzierungs- gesellschaft ,100,100,100,"Schenker Aktiengesellschaft, Essen "
434,"Schenker Italiana S.p.A., Peschiera Borromeo/Italien ","Spedition, Transport, Lagerhaltung, Logistik und verwandte Dienstleistungen ",19.968.000 ,19.968.000 ,100,"DB Mobility Logistics AG, Berlin "
435,"Schenker Khimji's LLC, Muscat/Oman ",Transport & Logistik ,250.000 OMR ,150.000 OMR ,60,"Schenker Middle East FZE, Dubai "
436,"Schenker Korea Ltd., Incheon/Südkorea ","Seefracht, Luftfracht Spedition, Transport, Lagerhaltung, Logistik und verwandte Dienstleistungen ",1.500.000.000 KRW ,1.500.000.000 KRW ,100,"Schenker Aktiengesellschaft, Essen "
437,"Schenker Limited, Feltham/Großbritannien ",Transport & Logistik ,700.095 GBP ,700.095 GBP ,100,"DB (UK) Holding Investments Limited, Doncaster "
438,"Schenker Logistics (Chengdu) Co., Ltd., Chengdu/China ",Transport & Logistik ,5.000.000 CNY ,5.000.000 CNY ,100,"Schenker International (HK) Ltd., Hong Kong "
439,"Schenker Logistics (Chonging) Co. Ltd, Chonging/China2)3 ",Transport & Logistik ,800.000 USD ,800.000 USD ,100,"Schenker International (HK) Ltd., Hong Kong "
440,"Schenker Logistics (Guangzhou) Company Ltd., Guangzhou/China ",Transport & Logistik ,5.600.000 HKD ,5.600.000 HKD ,100,"Schenker International (HK) Ltd., Hong Kong "
441,"Schenker Logistics (Malaysia) Sdn Bhd., Kuala Lumpur/Malaysia ",Abwicklung von Zollgeschäften ,1.000.000 MYR ,490400.000 MYR ,4940,"Schenker Mauritius (Malaysian Holdings) Ltd., Port Louis "
442,"Schenker Logistics (Shanghai) Co., Ltd., Shanghai/China ",Transport & Logistik ,1.655.720 CNY200.000 USD ,1.655.720 CNY200.000 USD ,100,"Schenker International (HK) Ltd., Hong Kong "
443,"Schenker Logistics (Shenzhen) Co. Ltd., Shenzhen/China ",Transport & Logistik ,200.000 USD ,200.000 USD ,100,"Schenker International (HK) Ltd., Hong Kong "
444,"Schenker Logistics (Suzhou) Company Ltd., Suzhou/China ",Logistik- gesellschaft ,800.000 USD ,800.000 USD ,100,"Schenker International (HK) Ltd., Hong Kong "
445,"Schenker Logistics (Thai) Ltd., Bangkok/Thailand ",Trucking ,4.000.000 THB ,1.960.000 THB 1.000 THB ,"49 0,00 ","Schenker (Asia Pacific) Pte. Ltd., Singapur Schenker (Thai) Ltd., Bangkok "
446,"Schenker Logistics (Xiamen) Co. Ltd, Xiamen/China ",Logistik- gesellschaft ,750.000 USD ,750.000 USD ,100,"Schenker International (HK) Ltd., Hong Kong "
447,"Schenker Logistics AB, Göteborg/Schweden ",Transport und Logistik ,10.000.000 SEK ,10.000.000 SEK ,100,"Schenker AB, Göteborg "
448,"Schenker Logistics Inc., Calamba City/Philippinen ",Transport & Logistik ,11.000.000 PHP ,11.000.000 PHP ,100,"Schenker Philippines, Inc., Paranaque City "
449,"Schenker Logistics L.L.C., Abu Dhabi/VAE ",Transport & Logistik ,300.000 AED ,147.000 AED ,49,Schenker Middle East FZE 
450,"Schenker Logistics S.A., Barcelona/Spanien ",,1.810.513 ,1.810.513 ,100,"Deutsche Bahn Iberica Holding, S.L., Barcelona "
451,"Schenker Logistics Vietnam Co., Ltd., Ho Chi Minh City/Vietnam ",Frachttransport ,100.000 USD ,51.000 USD ,51,"Schenker (Asia Pacific) Pte. Ltd., Singapur "
452,"Schenker Logistics, Inc., Atlanta, GA ",Logistik- dienstleistungen ,90.635 USD ,90.635 USD ,100,"Schenker, Inc., Freeport "
453,"Schenker Ltd., Nairobi/Kenia ",Transport & Logistik ,2342.545.000 KES ,2342.545.000 KES ,100,"Schenker Aktiengesellschaft, Essen "
454,"SCHENKER LUXEMBURG GMBH, Leudelange/Luxemburg ",Erbringung logistischer Dienstleistungen aller Art ,150,150,100,"DB Mobility Logistics AG, Berlin "
455,"Schenker Mauritanie SAS, Nouakchott ",Transport & Logistik ,68.607.000 MRO ,68.607.000 MRO ,100,"Schenker SA, Gennevilliers-Cedex "
456,"Schenker Mauritius (Malaysian Holdings) Ltd., Port Louis/Mauritius ",Holding- gesellschaft ,35.710.000 USD ,35.699700.000 USD 10.713000 USD ,"99,97 0,03 ","DB Mobility Logistics AG, Berlin Schenker (Asia Pacific) Pte. Ltd., Singapur "
457,"Schenker Mauritius (Thai Holdings) Ltd., Port Louis/Mauritius ",Holding- gesellschaft ,33.110.000 USD ,22.600.886000 USD 910.000 USD 10.499500.000 USD ,"68,26 0,03 31,71 ","DB Mobility Logistics AG, Berlin Schenker (Asia Pacific) Pte. Ltd, Singapur Schenker Aktiengesellschaft, Essen "
458,"Schenker Metafores A.G. i.L., Paleo Faliro/Griechenland ",Keine aktive Geschäftstätigkeit ,112.870.000 GRD ,112.870.000 GRD ,100,"Schenker Aktiengesellschaft, Essen "
459,"Schenker Middle East FZE, Dubai/VAE ","Regionalholding für den arabischen Raum, administrative Tätigkeiten und Leitungsfunktion für die Gesellschaften der Region ",1.000.000 AED ,1.000.000 AED ,100,"DB Mobility Logistics AG, Berlin "
460,"Schenker N.V., Antwerpen/Belgien ","Spedition, Transport, Lagerhaltung, Logistik und verwandte Dienstleistungen ",51.571.879 ,51.550.941 20.938 ,"99,9594 0,0406 ","DB Belgie Holding BVBA, Antwerpen SCHENKER INTERNATIONAL AKTIENGESELLSC HAFT, Essen "
461,"Schenker Namibia (Pty) Ltd., Windhoek/Namibia ",Transport & Logistik ,1.000.000 NAD ,1.000.000 NAD ,100,"DB Mobility Logistics AG, Berlin "
462,"Schenker Nederland B.V., Tilburg/Niederlande ",Holding ,200,200,100,"DB Nederland Holding B.V., Utrecht "
463,"Schenker Nemzetközi Szallitmanyozasi es Logisztikai Kft., Szigetszentmiklos/Ung arnBudapest ","Gütertransport auf Straßen, Frachtbehandlung , Speicherung, Lagerung, Transportagentur- tätigkeit ",100.110.000 HUF ,100.110.000 HUF ,100,"DB Hungaria Holding Kft., Budapest "
464,"Schenker North & East AB, Göteborg/Schweden ",Holding ,2.370.0001.405. 299.663 SEK ,1.405.299.6632. 370.000 SEK ,100,"BTL Schenker International AB, Göteborg "
465,"Schenker of Canada Ltd., Mississauga, Ontario/Kanada ",Transport & Logistik ,6.045.500000 CAD ,6.045.500000 CAD ,100,"Schenker AKTIENGESELLSC HAFT, Essen "
466,"Schenker OY, Helsinki/Finnland ","Spedition, Transport, Lagerhaltung, Logistik ",4.419.490 ,4.419.490 ,100,"Oy Schenker East AB, Helsinki "
467,"Schenker Philippines, Inc., Paranaque City/Philippinen ",Transport & Logistik ,12.000.000 PHP ,12.000.000 PHP ,100,"Schenker (Asia Pacific) Pte. Ltd., Singapur "
468,"Schenker Privpak AB, Boras/Schweden ",Transport und Logistik ,1.500.000 SEK ,1.500.000 SEK ,100,"Schenker AB, Göteborg "
469,"Schenker Property Sweden AB, Göteborg/Schweden ",Immobilien- gesellschaft ,5.000.000 SEK ,5.000.000 SEK ,100,"Schenker AB, Göteborg "
470,"Schenker Re Limited, Dublin/Irland ",Rückversiche- rungsgesellschaft ,635,635,100,"BTL Schenker North & East AB, Göteborg "
471,"Schenker Romtrans S.A., Bukarest/Rumänien ",Transport & Logistik ,2.439.800 RON ,2.426.600 RON ,"99,4590 6 ","Schenker & Co. AG, Wien "
472,"Schenker SA, Gennevilliers- Cedex/Frankreich ","Spedition, Transport, Lagerhaltung, Logistik und verwandte Dienstleistungen ",55.805.022 ,55.776.812 25.116 391 ,"93,9494 5 0,0455 0,00070 0 ","DB France Holding SAS, Gennevilliers Cedex DB Mobility Logistics AG Schenker Aktiengesellschaft "
473,"Schenker Saudi Arabia LLC, Riyadh/Saudi Arabien ","Spedition, Luft- und Seefracht ",500.000 SAR ,450.000 SAR 50.000 SAR ,90 10 ,"Schenker Middle East FZE, Dubai Schenker Aktiengesellschaft, Essen "
474,"Schenker Schweiz AG, Zürich/Schweiz ","Einkauf, Verkauf, Verwaltung, Vermittlung, Verpachtung oder sonstige Bewirtschaftung von Transportmitteln zu Lande, zu Wasser und in der Luft ",4.500.000 CHF ,4.500.000 CHF ,100,"DB Schweiz Holding AG, Zug "
475,"Schenker Shared Services (Nanjing) Co. Ltd., Nanjing/China2)3) ","Entwicklung von Computersoftware , Verkauf und Wartung ",1.000.000 USD ,1.000.000 USD ,100,"Schenker (Asia Pacific) Pte. Ltd., Singapur "
476,"Schenker Singapore (PTE) Ltd., International Forwarders, Singapur/Singapur ","Spedition, Transport, Lagerhaltung, Logistik und verwandte Dienstleistungen ",35.405.000 SGD ,35.405.000 SGD ,100,"Schenker (Asia Pacific) Pte. Ltd., Singapur "
477,"Schenker South Africa (Pty) Ltd., Johannesburg/ Südafrika ","Spedition, Transport, Lagerhaltung, Logistik und verwandte Dienstleistungen ",4.800.000 ZAR ,4.800.000 ZAR ,100,"Schenker Aktiengesellschaft, Essen "
478,"Schenker Sp. z o.o., Warschau/Polen ","Europäische Landverkehre, nationale Distri- bution, weltweite Seefracht sowie die damit verbun- dene Logistik ",186.294.430 PLN ,185.586.511 PLN ,"99,62 ","DB Polska Holding Sp.z.o.o., Zabrze "
479,"Schenker Transitarios, S.A., Loures/Portugal ","Transport-, Fracht-und Lagergeschäft in Portugal und grenzüberschrei- tend ",501.863,458.151 43.712 ,"91,29 8,71 ","Deutsche Bahn Iberica Holding S.L., Barcelona Schenker Logistics S.A., Barcelona "
480,"Schenker Transport Aktiebolag, Göteborg/Schweden ",Immobilien- gesellschaft ,12.000.000 SEK ,12.000.000 SEK ,100,"Schenker Property Sweden AB, Göteborg "
481,"Schenker Transport Groep B.V., Tilburg/Niederlande ",Durchführung von Transporten ,63.529,63.529,100,"Schenker Nederland B.V., Tilburg "
482,"Schenker Vietnam Co., Ltd., Ho Chi Minh City (Saigon)/Vietnam ",Transport & Logistik ,100.000 USD ,51100.000 USD ,51100,"Schenker (Asia Pacific) Pte. Ltd., Singapur "
483,"Schenker, Inc., Freeport/USA ",Transport & Logistik ,15.000.000 USD ,15.000.000 USD ,100,"DB US Holding Corporation, Tarrytown "
484,"Schenker-Arkas Nakliyat Ve Tic. A.S., Zincirlikuyu/Türkei ",Transport & Logistik ,5.552.626 TRY ,3.053.944 TRY ,55,"SCHENKER & Co. AG, Wien "
485,"Schenker-BTL Ltd., Immingham/ Großbritannien ",,1.050.000 GBP ,1.050.000 GBP ,100,"Schenker Limited, Feltham "
486,"Schenker-Gemadept Logistics Vietnam Company Limited, Binh Duong Province/Vietnam ","Zollabwicklung, Lagerhaltung ",1.500.000 USD ,1.500765.000 USD ,51,"Schenker (Asia Pacific) Pte. Ltd., Singapur "
487,"SCHENKER-JOYAU SAS, Montaigu Cedex ",Landverkehr ,4.713.104 ,4.199.644 513.040 ,"89,1129 10,8854 ","Joyau S.A., Montaigu Cedex Schenker SA, Gennevilliers-Cedex "
488,"Schenkerocean Ltd, Wanchai/China ",Seefrachttransport ,700.000 HKD ,700.000 HKD ,100,"Schenker (Asia Pacific) Pte. Ltd., Singapur "
489,"Schenker-Seino Co. Ltd., Tokyo/Japan ",,140.000.000 JPY ,84.000.000 JPY ,60,"Schenker Aktien- gesellschaft, Essen "
490,Sequa gGmbH ,Entwicklung des Privatsektors und seiner Einrichtungen; Qualifizierung von Fach- und Führungskräften ,306,150,49,Deutsche Gesellschaft für Internationale Zusammenarbeit (GIZ) GmbH 
491,"SERVICIOS INTEGRALES BUS&TRUCK S.A., Madrid/Spanien ",Instandhaltungs- gesellschaft ,290,287.100 2.900 ,99 1 ,"AUTOBUSES GREISI S.L., Madrid EMPRESA DE BLAS Y CIA S.LCOMPANIA S.A., Madrid "
492,"Shanghai MITE Speciality & Precision Printing Co. Ltd., Shanghai/, China ",Herstellung und Vertrieb von Personal- dokumenten ,233.722,1.808.430 ,25,"Bundesdruckerei GmbH, Berlin "
493,"SIA Schenker, Riga/Lettland ",Transport & Logistik ,95.000 LVL ,95.000 LVL ,100,"DB Mobility Logistics AG, Berlin "
494,"Sociedad de Estudios y Explotacion Material Auxiliar de Transportes, S.A. (“SEMAT”), Madrid/Spanien ",,5.400.000 ,3.391.200311.82 0 ,"62,861, 33 ","Transportes Ferroviarios Especiales S.A., Madrid "
495,"SP Projektentwicklung Schönefeld GmbH & Co. KG, Schönefeld ","Objektgesellschaft zum Erwerb, Entwicklung, Verwaltung und Verwertung von Grundstücken sowie Rechten an Grundstücken, insbes. im Bereich der Gemeinde Schönefeld ",102,51,50,FMS-WM 
496,"SSG Saar-Service GmbH, Saarbrücken ",Dienstleistungen im Bereich Reini- gung und Instand- haltung von An- lagen und Ge- bäuden ,255.646,65.19,"25,5 ","DB Mobility Logistics AG, Berlin "
497,"Stevensons of Uttoxeter Limited, Sunderland/ Großbritannien ",Personenverkehr ,100.000 GBP ,100.000 GBP ,100,"Arriva (2007) Limited, Sunderland "
498,"Stifa S.A. i.L., Malveira/Portugal ",,500,225.000 25.000 ,45 5 ,"Transportes Ferroviarios Especiales, S.A., Madrid Transfesa Portugal Lda., Lissabon "
499,"Stinnes (UK) Limited, Feltham, Middlesex/ Großbritannien ",Holding- gesellschaft ,19.769.632 GBP ,19.769.632 GBP ,100,"Schenker Aktiengesellschaft, Essen "
500,"Stinnes Beteiligungs- Verwaltungs GmbH, Mühlheim/Ruhr ",Verwaltung und Betreuung von Beteiligungen ,1.278.250 ,1.278.250 ,100,"DB Mobility Logistics AG, Berlin "
501,"Stinnes Holz GmbH, Essen ","Handel mit Holz, Grubenholz für Bergbau, Be- und Verarbeitung von Holz ",252.000150.568 ,133.56079.801 ,53,"Stinnes Logistics GmbH, Mühlheim/Ruhr "
502,"Stinnes Immobiliendienst AG & Co. KG, Mülheim/Ruhr ","An- und Verkauf, Vermietung, Verpachtung und Verwaltung von Immobilien und Grundstücken ",664.679,664.679,100,"Stinnes Beteiligungs- Verwaltungs GmbH, Essen "
503,"Stinnes Logistics GmbH, Mühlheim/Ruhr ",Halten und Verwalten von Beteiligungen ,2.161.200 ,2.161.200 ,100,"DB Mobility Logistics AG, Berlin "
504,"Südwest Mobil GmbH, Mainz ",Personenbe- förderung mit Kfz im Linienverkehr ,51.129,51.129,100,"ORN Omnibusverkehr Rhein-Nahe GmbH, Mainz "
505,"SW Zoll-Beratung GmbH, Wees ",Dienstleistungen zur Abfertigung zum freien Verkehr und zur Ausfuhr ,266,266,100,"Schenker Schweiz AG, Zürich "
506,"tbg Technologie- Beteiligungs- gesellschaft mbH, Bonn 1)3) ","Erwerb, Verwal- tung und Veräußerung von Beteilig. (insbes. Technologie- untern.) ",168.600.000 ,168.600.000 ,100,"KfW Beteili- gungsholding GmbH, Bonn "
507,"TEGRO AG, Schwerzenbach ",Handel mit Motor- fahrzeugzubehör ,300.000 CHF ,270.000 CHF ,90,"Intertec Beteiligungs- GmbH, Berlin "
508,"Tellings Golden Miller Limited, Sunderland/ Großbritannien ",Personenverkehr ,60.100 GBP ,60.100 GBP ,100,"TGM (Holdings) Limited, Sunderland "
509,"Terminal Singen TSG GmbH, Singen ",Betreiben einer Umschlaganlage ,260,130,50,"DB Intermodal Services GmbH, Mainz "
510,"TFG Transfracht Internationale Gesellschaft für kombinierten Güterverkehr mbH, Frankfurt/Main Mainz1)3) ",Organisation und Durchführung von verkehrsübergrei- fenden Container- verkehren und sonstigen System- transporten ,150,150,100,"DB Mobility Logistics AG, Berlin "
511,"TGM (Holdings) Limited, Sunderland/ Großbritannien ",Holding- gesellschaft ,1.765.143 GBP ,1.765.143 GBP ,100,"Arriva Plc, Sunderland "
512,"TGMGroup Limited, Sunderland/ Großbritannien ",Personenverkehr ,5.000.002 GBP ,5.000.002 GBP ,100,"TGM (Holdings) Limited, Sunderland "
513,"TGO - Tarifverbund Ortenau GmbH, Offenburg ",Anbieten einer wirtschaftlichen Bedienung des ÖPNV im Ortenaukreis ,52,15.600 8.320 1.300 ,"30 16 2,5 ","RVS Regionalbus- verkehr Südw. GmbH, Karlsruhe DB Regio Aktiengesellschaft, Frankfurt/Main SBG SüdbadenBus GmbH, Freiburg i. Br. "
514,"TGP Terminalgesellschaft Pfullendorf mbH, Pfullendorf ",Errichtung und Betrieb öffentl. Umschlaganlagen ,104,78.52,"75,5 ","DB Intermodal Services GmbH, Mainz "
515,"The Chiltern Railway Company Limited, London/Großbritannien ",Franchisebetrieb ,2.150.001 002 GBP ,2.150.001 002 GBP ,100,"M40 Trains Limited, London "
516,"THG Terminal Heilbronn GmbH, Bodenheim ",Pacht und der Betrieb eines trimodalen Container- terminals am Hafen Heilbronn ,300,225.3,"75,1 ","Deutsche Umschlaggesellscha ft Schiene - Straße (DUSS) mbH, Bodenheim "
517,TLG Gewerbepark Simson GmbH Suhl ,"Ankauf, Verwaltung von Liegenschaften ",2.557.000 ,2.557.000 ,100,"GESA Gesellschaft zur Entwicklung und Sanierung von Altstandorten mbH, Berlin "
518,"TIA GmbH, Augsburg ","Planung, Errichtung und Erweiterung einer Umschlaganlage für den kombinierten Verkehr ",300,147,49,"Deutsche Umschlaggesellscha ft Schiene – Straße (DUSS) mbH, Bodenheim "
519,"Tower Air Traffic Services S.L., Madrid, Spanien ",Durchführung von Flugplatzkontroll- diensten ,1.000.000 ,50,50,"The Tower Company GmbH, Langen "
520,"TPL FVG Scarl s.r.l., Gorizia/Italien ",Personenverkehr sowie Transport & Logistik ,100,25,25,"AUTOSERVIZI F.V.G. S.P.A. – SAF, Udine "
521,"TRANSA Spedition GmbH, Offenbach/Main 2)3) ","Spedition, Beför- derung und Lage- rung von Gütern aller Art; Vermitt- lung entsprechen- der Geschäfte ",4.602.000 ,4.602.000 ,100,"Schenker Aktiengesellschaft, Essen "
522,"TRANSCENTRUM bus s.r.o., Kosmonosy/Tschechien ",Personenverkehr ,2.000.000 CZK ,2.000.000 CZK ,100,"Arriva Holding Ceska Republika s.r.o., Prague "
523,"Transervi France S.A.S., Cerbere/Spanien ",Radachsenwechs el und damit zusam- menhängende Tätigkeiten ,350,350,100,"Transervi S.A., Madrid "
524,"Transervi S.A., Aravaca -– Madrid/Spanien ",,456.76,456.76,100,"Transportes Ferroviarios Especiales, S.A., Madrid "
525,"Trans-Eurasia Logistics GmbH, Berlin ",Organisation von Bahn- und anderen Formen des Frachttranportes ,100,40,40,"DB Mobility Logistics AG, Berlin "
526,"Transfesa France SAS, Gennevilliers/ Frankreich ",,1.250.000 ,1.250.000 ,100,"Transportes Ferroviarios Especiales S.A., Madrid "
527,"Transfesa Maritimo Terrestre, S.L., Orejo, Marina de Cudeyo (Cantabria) ",,700,700,100,"Transportes Ferroviarios Especiales S.A., Madrid "
528,"Transfesa Portugal Lda., Lissabon/Portugal ",,250,125 249.875 ,"0,04990 5 99,9501 ","Transfesa Rail S.A. Madrid Transportes Ferroviarios Especiales S.A., Madrid "
529,"Transfesa Rail S.A., Madrid/Spanien ",,330,330,100,"Transportes Ferroviarios Especiales, S.A., Madrid "
530,"Transfesa UK Ltd., Rainham (Essex)/Großbritannien ",,200.000 GBP ,200.000 GBP ,100,"Transportes Ferroviarios Especiales, S.A., Madrid "
531,"Transport Gesellschaft mbH, Hamburg ",Verkehr ,900.000 DM ,870.300 DM ,"96,7 ","Schenker Aktiengesellschaft, Essen "
532,"Transportes Ferroviarios Especiales S.A., Madrid/Spanien ",Schienen- personenverkehr ,50.000.000 ,35.145.300 ,"70,2906 ","Deutsche Bahn Iberica Holding S.L., Barcelona "
533,"Transportes Sul do Tejo S.A., Almada/Portugal ",Busverkehr ,5.719.810 ,5.719.810 ,100,"ARRIVA TRANSPORTES DA MARGEM SUL,SA, Almada "
534,"TRANSURBANOS DE GUIMARAES TP, LDA, Guimaraes/Portugal ",Personenverkehr ,500,500,100,"ARRIVA PORTUGAL – TRANSPORTES LDA, Guimaraes "
535,"Transporti Brescia Nord S.c.a.r.l., Brescia/Italien ",Management- gesellschaft ,100,80.000 12.000 ,80 12 ,"S.I.A. Societa Italiana Autoservizi S.P.A., Brescia SAIA TRASPORTI S.P.A., Brescia "
536,"Transporti Brescia Sud S.c.a.r.l., Brescia/Italien ",Management- gesellschaft ,100,22.000 71.000 ,22 71 ,"S.I.A. Societa Italiana Autoservizi S.P.A., Brescia SAIA TRASPORTI S.P.A., Brescia "
537,"TriCon Container- Terminal Nürnberg GmbH, Nürnberg ",Betrieb und die Vermarktung von Serviceleistungen einer trimodalen Umschlaganlage für den kombi- nierten Verkehr ,300,75,25,"Deutsche Umschlag- gesellschaft Schiene-Straße (DSS) mbH, Bodenheim "
538,"Trieste Transporti S.P.A., Trieste/Italien ",Personenverkehr ,17.000.000 ,6.789.800 ,"39,94 ","Arriva Italia s.r.l., Milano "
539,"TUF-TRANSPORTES URBANOS DE FAMALICAO, LDA, Villa Nova de Famalicao/Portugal ",Personenverkehr ,306.761,204.507,"66,6667 67 ","ARRIVA PORTUGAL- TRANSPORTES LDA, Guimaraes "
540,"UAB \Schenker"" ",",Transport &,1.100.000,1.100.000,100,DB Mobility Logistics
,Vilnius/Litauen,Logistik,LTL,LTL,,AG "," Berlin"" ",,,
541,"UBB Usedomer Bäderbahn GmbH, Heringsdorf ","Betreiben von Infrastruktur, Erbringung und Vermarktung von Verkehrs- leistungen ",256,256,100,"Deutsche Bahn Aktiengesellschaft, Berlin "
542,"UCPLUS A/S, Kastrup/Dänemark ",Trainings- gesellschaft ,500.000 DKK ,500.000 DKK ,100,"Arriva Danmark A/S, Kastrup "
543,"Union Ferrolana de Transportes S.A., Ferrol/Spanien ",,60.582,30.291,50,"Arriva Noroeste s.l., Ferrol "
544,"United Automobile Services Limited, Sunderland/ Großbritannien ",Mantelgesellschaft ,12.026.250 GBP ,12.026.250 GBP ,100,"Arriva (2007) Limited, Sunderland "
545,"Unternehmens- gesellschaft Verkehrs- verbund Rhein-Neckar GmbH (URN GmbH), Mannheim ",Wahrnehmung von Interessen der Verkehrsunter- nehmen bezügl. Aufgaben des ÖPNV ,82.5,7.500 500 14.000 1.500 1.500 500 ,"9,0909 0,60616 16,9696 1,82 1,8182 0,6061 ","BRN Busverkehr Rhein-Neckar GmbH, Mannheim Rheinpfalzbus GmbH, Ludwigshafen DB Regio Aktiengesellschaft, Frankfurt/Main ORN Omnibusverkehr Rhein-Nahe GmbH, Mainz RVS Regional- busverkehr Südwest GmbH, Karlsruhe Saar-Pfalz-Bus GmbH, Saarbrücken "
546,"Upgrade 1 LLC, Wilmington/Delaware ",Finanzunternehm en (§ 1 Abs. 3 KWG) ,19.700.000 USD ,19.700.000 USD ,100,"Hypo Real Estate Capital Corp., New York "
547,"Vierte Airport Bureau Center KG Airport Bureau Verwaltungs GmbH & Co., Berlin ",sonstiges Grundstücks- wesen ,898,287,32,FMS-WM 
548,Veridos GmbH Berlin Deutschland ,Lösungen für sichere Identifizierung und Authentifizierung (ID-Geschäft) ,1.000.000 ,400,40,Bundesdruckerei GmbH 
549,"Verkehrsgesellschaft mbH Untermain - VU -, Aschaffenburg1)3) ",Personenbeför- derung im Linien- und Gelegenheits- verkehr ,2.557.000 ,2.557.000 ,100,"DB Regio Aktiengesellschaft, Frankfurt/Main "
550,"Verkehrsverbund Großraum Nürnberg GmbH (VGN), Nürnberg ",Erfüllung von Aufgaben des öffentlichen Per- sonennahverkehrs ,52,8.000 6.000 ,"15,384 11,5385 ","DB Regio Aktiengesellschaft, Frankfurt/Main Omnibusverkehr Franken GmbH (OVF), Nürnberg "
551,"Verkehrsverbund Schwarzwald-Baar GmbH (VSB), Villingen- Schwenningen ",Wahrnehmung von Gemeinschafts- aufgaben auf dem Gebiet des ÖPNV/SPNV ,65,7.150 22.100 ,11 34 ,"DB Regio Aktiengesellschaft, Frankfurt/Main SBG SüdbadenBus GmbH, Freiburg i. Br. "
552,"Verkehrsverbund Süd- Niedersachsen GmbH (VSN), Göttingen ",Erbringung von Management- und Serviceleistungen für die Aufgabenträger des ÖPNV und die Verkehrsunterneh men in Südniedersachsen ,52.00053.600 ,7.000 10.200 ,"13,4615 06 19,6154 03 ","DB Regio Aktiengesellschaft, Frankfurt/Main Regionalbus Braunschweig GmbH – RBB - Braunschweig "
553,"VGC Verkehrsgesellschaft Bäderkreis Calw mbH, Calw ",Wahrnehmung von Gemeinschafts- aufgaben im Nahver- kehrsbereich ,100.000 DM ,28.400 DM 2.600 DM 1.500 DM ,"28,4 2,6 1,5 ","RVS Regional- busverkehr Südwest GmbH, Karlsruhe Regional Bus Stuttgart GmbH RBS, Stuttgart DB ZugBus Regionalverkehr Alb- Bodensee GmbH (RAB), Ulm (Donau) "
554,"Völklinger Verkehrsgesellschaft mbH, Völklingen ",Erbringung von Fahrleistungen auf dem Gebiet des öffentlichen Personennah- verkehrs ,100,25.5,"25,5 ","Saar-Pfalz-Mobil GmbH, Bexbach "
555,"Volla Eiendom AS, Oslo/Norwegen ",Immobilien- gesellschaft ,4.859.278 NOK ,2.429.639 NOK ,50,"Schenker AS, Oslo "
556,"VT-ARRIVA Szemelyszallito es Szolgaltato Kft, Szekesfehervar/Ungarn ",Öffentlicher Personenverkehr ,110.000.000 HUF ,54.899900.000 HUF ,"49,9099 1 ","Arriva Hungary Zrt., Budapest "
557,"WB Westfalen Bus GmbH, Münster1)3) ",Personenbeför- derung mit Kfz im Linien- und Gele- genheitsverkehr ,3.580.000 ,3.580.000 ,100,"DB Regio Aktiengesellschaft, Frankfurt/Main "
558,"Weser-Ems Busverkehr GmbH (WEB), Bremen 1)3) ",Personenbeför- derung mit Kfz im Linien- und Gele- genheitsverkehr ,3.580.000 ,3.580.000 ,100,"DB Regio Aktiengesellschaft, Frankfurt/Main "
559,"WH-Erste Grundstücks Verwaltungs GmbH, Schönefeld ",Beteiligungsgesell schaft mit überwiegend nicht finanziellem Anteilsbesitz ,51,51,100,FMS-WM 
560,"WH-Erste Grundstücks GmbH & Co. KG, Schönefeld ",Beteiligungsgesell schaft mit überwiegend nicht finanziellem Anteilsbesitz ,53,50,"93,98 ",FMS-WM 
561,"XC Trains Limited, Sunderland/ Großbritannien ",Schienen- personenverkehr ,25.000.002 GBP ,25.000.002 GBP ,100,"Arriva UK Trains Limited, Sunderland "
562,"Xrail S.A., Brüssel/Belgien ",Erbringen von de- finierten Dienst- leistungen für die Allianzmitglieder im Einzelwagenver- kehr ,68.975,22.072,32,"DB Schenker Rail Aktiengesellschaft, Mainz "
563,"Yorkshire Bus Group Ltd, Sunderland/ Großbritannien ",Holding- gesellschaft ,44.750.100 GBP ,44.750.100 GBP ,100,"Arriva (2007) Limited, Sunderland "
564,"ZAO Schenker Russija, Moskau/Russland ",Transport & Logistik ,340.000.000 RUB ,340.000.000 RUB ,100,"Schenker Aktiengesellschaft, Essen "
565,"Zentral- Omnibusbahnhof Berlin GmbH, Berlin ",Reisebüro- geschäfte aller Art ,52,52,100,"Bayern Express & P. Kühn Berlin GmbH, Berlin "
